Play,Genre,Year,Playwright,Act & Scene,Character - Speaker,Gender ,Fragment,Topic 1,Topic 2,Topic 3,Topic 4,Topic 5,Topic 6,Topic 7
Macbeth,Tragedy,1606,William Shakespeare,"A1, S2",Sergeant,Male,"Doubtful it [broil] stood; As two spent swimmers, that do cling together And choke their art. ",military,consumption,physical activities,adhesion,violence,,
Macbeth,Tragedy,1606,William Shakespeare,"A1, S2",Sergeant,Male,"Worthy to be a rebel, for to that The multiplying villanies of nature Do swarm upon him",recognition,social unrest,reproduction,ethics,nature,animals,
Macbeth,Tragedy,1606,William Shakespeare,"A1, S2",Sergeant,Male,"And Fortune, on his damned quarry smiling, Show'd like a rebel's whore",mystical,death,facial expressions,social unrest,sexuality,,
Macbeth,Tragedy,1606,William Shakespeare,"A1, S2",Sergeant,Male,"Disdaining Fortune, with his brandish'd steel, Which smoked with bloody execution, ",derision,mystical,weapons,fire,violence,,
Macbeth,Tragedy,1606,William Shakespeare,"A1, S2",Sergeant,Male,Like Valour's minion carved out his passage Till he faced the slave;,character traits & nature,social status,violence,spatial ,,,
Macbeth,Tragedy,1606,William Shakespeare,"A1, S2",Sergeant,Male,"Till he unseam'd him from the nave to the chaps,",clothes ,anatomy,,,,,
Macbeth,Tragedy,1606,William Shakespeare,"A1, S2",Sergeant,Male,"As whence the sun 'gins his reflection, Shipwrecking storms and direful thunders, So from that spring whence comfort seem'd to come Discomfort swells",nature,nautical,feelings,,,,
Macbeth,Tragedy,1606,William Shakespeare,"A1, S2",Sergeant,Male,"No sooner justice had, with valour arm'd, Compell'd these skipping kerns to trust their heels,",judiciary,character traits & nature,weapons,violence,military,mental faculty & state,anatomy
Macbeth,Tragedy,1606,William Shakespeare,"A1, S2",Sergeant,Male,"with furbished arms and new supplies of men, Began a fresh assault.",economics,military,violence,,,,
Macbeth,Tragedy,1606,William Shakespeare,"A1, S2",Sergeant,Male,"Dismayed not this [assault] our captains, Macbeth and Banquo? As sparrows eagles, or the hare the lion.",feelings,violence,animals,,,,
Macbeth,Tragedy,1606,William Shakespeare,"A1, S2",Sergeant,Male,"As cannons overcharged with double cracks, so they Doubly redoubled strokes",weapons,quantities,violence,,,,
Macbeth,Tragedy,1606,William Shakespeare,"A1, S2",Sergeant,Male,to bathe in reeking wounds,cleaning,injuries,,,,,
Macbeth,Tragedy,1606,William Shakespeare,"A1, S2",Sergeant,Male,memorise another Golgotha,mental faculty & state,religion,,,,,
Macbeth,Tragedy,1606,William Shakespeare,"A1, S2",Sergeant,Male,my gashes cry for help.,injuries,sounds,assistance,,,,
Macbeth,Tragedy,1606,William Shakespeare,"A1, S2",DUNCAN,Male,thy words become thee as thy wounds; They smack of honour both. ,language,etiquette,injuries,food,character traits & nature,,
Macbeth,Tragedy,1606,William Shakespeare,"A1, S2",ROSS,Male,Where the Norweyan banners flout the sky and fan our people [soldiers] cold.,politics,derision,nature,military,temperature,,
Macbeth,Tragedy,1606,William Shakespeare,"A1, S2",ROSS,Male,"Till that Bellona's bridegroom, lapp'd in proof, Confronted him ",myth,matrimony,weapons & armor,violence,,,
Macbeth,Tragedy,1606,William Shakespeare,"A1, S2",DUNCAN,Male,shall deceive Our bosom interest,deception,anatomy,politics,,,,
Macbeth,Tragedy,1606,William Shakespeare,"A1, S3",First Witch,Female,"like a rat without a tail, I'll do",animals,anatomy,physical activities,,,,
Macbeth,Tragedy,1606,William Shakespeare,"A1, S3",First Witch,Female,I will drain him dry as hay:,sexuality,nature,,,,,
Macbeth,Tragedy,1606,William Shakespeare,"A1, S3",First Witch,Female,Sleep shall neither night nor day Hang upon his penthouse lid;,sleep,time,adhesion,architecture,anatomy,,
Macbeth,Tragedy,1606,William Shakespeare,"A1, S3",ALL Witches,Female,the charm's wound up.,mystical,music,,,,,
Macbeth,Tragedy,1606,William Shakespeare,"A1, S3",BANQUO,Male,"What are these So wither'd and so wild in their attire, That look not like the inhabitants o' the earth, And yet are on't? ",consumption,clothes ,appearance,accomodation,nature,,
Macbeth,Tragedy,1606,William Shakespeare,"A1, S3",BANQUO,Male,"If you [witches] can look into the seeds of time, And say which grain will grow and which will not,",mystical,sensations,agriculture,time,,,
Macbeth,Tragedy,1606,William Shakespeare,"A1, S3",BANQUO,Male,"The earth hath bubbles, as the water has, And these [witches] are of them. ",nature,mystical,,,,,
Macbeth,Tragedy,1606,William Shakespeare,"A1, S3",MACBETH,Male,what seem'd corporal melted As breath into the wind. ,anatomy,consumption,breathing,nature,,,
Macbeth,Tragedy,1606,William Shakespeare,"A1, S3",BANQUO,Male,have we eaten on the insane root That takes the reason prisoner?,food,medicine,mental faculty & state,incarceration,,,
Macbeth,Tragedy,1606,William Shakespeare,"A1, S3",ROSS,Male,His wonders and his praises do contend Which should be thine [military general] or his [the king's]:,religion,recognition,violence,military,politics,,
Macbeth,Tragedy,1606,William Shakespeare,"A1, S3",ROSS,Male,"every one did bear Thy praises in his kingdom's great defence, And [pour'd them down] before him.",labor,recognition,politics,military,,,
Macbeth,Tragedy,1606,William Shakespeare,"A1, S3",MACBETH,Male,The thane of Cawdor lives: why do you dress me In borrow'd robes?,social status,life,clothes,economics,,,
Macbeth,Tragedy,1606,William Shakespeare,"A1, S3",MACBETH,Male,Thanks for your pains.,recognition,suffering,,,,,
Macbeth,Tragedy,1606,William Shakespeare,"A1, S3",BANQUO,Male,"That [prophesy], trusted home, Might yet enkindle you unto the crown,",mystical,mental faculty & state,domestic,fire,politics,,
Macbeth,Tragedy,1606,William Shakespeare,"A1, S3",BANQUO,Male,"to win us to our harm, The instruments of darkness tell us truths,",deception,violence,social relations,darkness,language,,
Macbeth,Tragedy,1606,William Shakespeare,"A1, S3",MACBETH,Male,"Two truths are told, As happy prologues to the swelling act Of the imperial theme.",language ,emotions,theatre,reproduction,politics,,
Macbeth,Tragedy,1606,William Shakespeare,"A1, S3",MACBETH,Male,"I yield to that suggestion Whose horrid image doth unfix my hair And make my seated heart knock at my ribs, Against the use of nature",social relations,mental faculty & state,anatomy,movement,feelings,violence,nature
Macbeth,Tragedy,1606,William Shakespeare,"A1, S3",MACBETH,Male,"My thought, whose murder yet is but fantastical, Shakes so my single state of man [self]",mental faculty & state,violence,politics,character traits & nature,,,
Macbeth,Tragedy,1606,William Shakespeare,"A1, S3",MACBETH,Male,"function Is smother'd in surmise,",physical activities,violence,mental faculty & state,,,,
Macbeth,Tragedy,1606,William Shakespeare,"A1, S3",BANQUO,Male,"New honours come upon him, Like our strange garments, cleave not to their mould, But with the aid of use.",social status,mental faculty & state,clothes,adhesion,appearance,assistance,consumption
Macbeth,Tragedy,1606,William Shakespeare,"A1, S3",MACBETH,Male,your pains Are register'd where every day I turn The leaf to read them. ,suffering,language,time,,,,
Macbeth,Tragedy,1606,William Shakespeare,"A1, S3",MACBETH,Male,let us speak Our free hearts each to other.,language ,social relations,anatomy,,,,
Macbeth,Tragedy,1606,William Shakespeare,"A1, S4",MALCOLM,Male,nothing in his life Became him like the leaving [dying] it; ,privation,life,etiquette,death,,,
Macbeth,Tragedy,1606,William Shakespeare,"A1, S4",MALCOLM,Male,"he died As one that had been studied in his death, To throw away the dearest thing he owed, As 'twere a careless trifle.",death,education,privation,economics,,,
Macbeth,Tragedy,1606,William Shakespeare,"A1, S4",DUNCAN,Male,The sin of my ingratitude even now Was heavy on me: ,religion,recognition,weight,,,,
Macbeth,Tragedy,1606,William Shakespeare,"A1, S4",DUNCAN,Male,swiftest wing of recompense is slow To overtake thee.,speed,animals,economics ,hunting,,,
Macbeth,Tragedy,1606,William Shakespeare,"A1, S4",MACBETH,Male,"The service and the loyalty I owe, In doing it, pays itself. ",devotion,economics ,,,,,
Macbeth,Tragedy,1606,William Shakespeare,"A1, S4",MACBETH,Male,"our duties Are to your throne and state, children and servants, Which [do but what they should], by doing everything Safe toward your love and honour.",devotion,politics,familial,social status,etiquette,emotions,recognition
Macbeth,Tragedy,1606,William Shakespeare,"A1, S4",DUNCAN,Male,"I [king] have begun to plant thee, and will labour To make thee full of growing.",agriculture,labor,politics,,,,
Macbeth,Tragedy,1606,William Shakespeare,"A1, S4",DUNCAN  ,Male,let me [king] enfold thee And hold thee to my heart. ,politics,affection,anatomy,,,,
Macbeth,Tragedy,1606,William Shakespeare,"A1, S4",BANQUO,Male,"There [king's heart] if I grow, The harvest is your own.",politics,anatomy,agriculture,,,,
Macbeth,Tragedy,1606,William Shakespeare,"A1, S4",DUNCAN,Male,"My plenteous joys, Wanton in fulness, seek to hide themselves In drops of sorrow",emotions,joviality,concealment,anatomy,,,
Macbeth,Tragedy,1606,William Shakespeare,"A1, S4",DUNCAN,Male,"But signs of nobleness, like stars, shall shine On all deservers.",language,character traits & nature,nature,light,recognition,,
Macbeth,Tragedy,1606,William Shakespeare,"A1, S4",MACBETH,Male,"The Prince of Cumberland! that is a step On which I must fall down, or else o'erleap, for in my way it lies",politics,hindrance,physical activities,spatial ,,,
Macbeth,Tragedy,1606,William Shakespeare,"A1, S4",MACBETH,Male,"Stars, hide your fires;",nature,concealment,fire,,,,
Macbeth,Tragedy,1606,William Shakespeare,"A1, S4",MACBETH,Male,Let not light see my black and deep desires:,resistance,light,sensations,colors,spatial,emotions,
Macbeth,Tragedy,1606,William Shakespeare,"A1, S4",MACBETH,Male,"The eye wink at the hand; yet let that be, Which the eye fears, when it [mruder] is done, to see.",anatomy,concealment,emotions,violence,sensations,,
Macbeth,Tragedy,1606,William Shakespeare,"A1, S4",DUNCAN,Male,"he is full so valiant, And in his commendations I am fed; It is a banquet to me.",character traits & nature,recognition,food,,,,
Macbeth,Tragedy,1606,William Shakespeare,"A1, S5",LADY MACBETH,Female," I burned in desire to question them further,",fire,emotions,language,,,,
Macbeth,Tragedy,1606,William Shakespeare,"A1, S5",LADY MACBETH,Female,"greatness is promised thee.  Lay it to thy heart,",social status,language,anatomy,,,,
Macbeth,Tragedy,1606,William Shakespeare,"A1, S5",LADY MACBETH,Female,thy nature; It is too full o' the milk of human kindness To catch the nearest way,character traits & nature,food,humanity,hunting,spatial,,
Macbeth,Tragedy,1606,William Shakespeare,"A1, S5",LADY MACBETH,Female,"wouldst not play false, And yet wouldst wrongly win:",games & sport,deception,ethics,,,,
Macbeth,Tragedy,1606,William Shakespeare,"A1, S5",LADY MACBETH,Female,"that I may pour my spirits in thine ear,",medicine,mystical,anatomy,,,,
Macbeth,Tragedy,1606,William Shakespeare,"A1, S5",LADY MACBETH,Female,And chastise with the valour of my tongue All that impedes thee from the golden round,ethics,character traits & nature,anatomy,hindrance,politics,,
Macbeth,Tragedy,1606,William Shakespeare,"A1, S5",Messenger,Male,"almost dead for breath, had scarcely more Than would make up his message.",death,breathing,quantities,language,,,
Macbeth,Tragedy,1606,William Shakespeare,"A1, S5",LADY MACBETH,Female,The raven himself is hoarse That croaks the fatal entrance,animals,sounds,death,movement,,,
Macbeth,Tragedy,1606,William Shakespeare,"A1, S5",LADY MACBETH,Female,"unsex me here, And fill me from the crown to the toe top-full Of direst cruelty!",sexuality,anatomy,character traits & nature,,,,
Macbeth,Tragedy,1606,William Shakespeare,"A1, S5",LADY MACBETH,Female,"my blood; Stop up the access and passage to remorse, ",anatomy,hindrance,spatial ,feelings,,,
Macbeth,Tragedy,1606,William Shakespeare,"A1, S5",LADY MACBETH,Female,"That no compunctious visitings of nature Shake my fell purpose, ",ethics,social relations,nature,violence,mental faculty & state,,
Macbeth,Tragedy,1606,William Shakespeare,"A1, S5",LADY MACBETH,Female,"you murdering ministers, Wherever, in your sightless substances, You wait on nature's mischief.",violence,politics,sensations,materials,social relations,nature,ethics
Macbeth,Tragedy,1606,William Shakespeare,"A1, S5",LADY MACBETH,Female,"Come, thick night, And pall thee in the dunnest smoke of hell, ",darkness,clothes,fire,religion,,,
Macbeth,Tragedy,1606,William Shakespeare,"A1, S5",LADY MACBETH,Female,"That my keen knife see not the wound it makes,",weapons,sensations,injuries,,,,
Macbeth,Tragedy,1606,William Shakespeare,"A1, S5",LADY MACBETH,Female,"Nor heaven peep through the blanket of the dark, To cry 'Hold, hold!'",religion,sensations,sleep,darkness,sounds,hindrance,
Macbeth,Tragedy,1606,William Shakespeare,"A1, S5",LADY MACBETH,Female,"Thy letters have transported me beyond This ignorant present, ",language,movement,spatial ,mental faculty & state,time,,
Macbeth,Tragedy,1606,William Shakespeare,"A1, S5",LADY MACBETH,Female,I feel now The future in the instant.,feelings,time,,,,,
Macbeth,Tragedy,1606,William Shakespeare,"A1, S5",LADY MACBETH,Female,never Shall sun that morrow see!,time,nature,sensations,,,,
Macbeth,Tragedy,1606,William Shakespeare,"A1, S5",LADY MACBETH,Female,"Your face, my thane, is as a book where men May read [strange matters]. ",anatomy,language,mental faculty & state,,,,
Macbeth,Tragedy,1606,William Shakespeare,"A1, S5",LADY MACBETH,Female,"To beguile the time, Look like the time; ",deception,time,appearance,,,,
Macbeth,Tragedy,1606,William Shakespeare,"A1, S5",LADY MACBETH,Female,"welcome in your eye, Your hand, your tongue: ",ettiquette,anatomy,,,,,
Macbeth,Tragedy,1606,William Shakespeare,"A1, S5",LADY MACBETH,Female,"look like the innocent flower, But be the serpent under't. ",appearance,character traits & nature,nature,animals,spatial,,
Macbeth,Tragedy,1606,William Shakespeare,"A1, S6",BANQUO,Male,"This guest of summer, The temple-haunting martlet, ",social relations,nature,religion,accomodation,animals,,
Macbeth,Tragedy,1606,William Shakespeare,"A1, S6",BANQUO,Male,"[the martlet] does approve, By his loved mansionry, that the heaven's breath Smells wooingly here: ",animals,recognition,architecture,religion,breathing,sensations,
Macbeth,Tragedy,1606,William Shakespeare,"A1, S6",DUNCAN,Male,"The love that follows us sometime is our trouble, Which still we thank as love. ",emotions,movement,time,suffering,recognition,,
Macbeth,Tragedy,1606,William Shakespeare,"A1, S6",DUNCAN,Male,"bid God yield us for your pains, And thank us for your trouble.",religion,economics,suffering,recognition,,,
Macbeth,Tragedy,1606,William Shakespeare,"A1, S6",LADY MACBETH,Female,"All our service [to the king], In every point twice done and then done double Were poor and single business to contend Against those honours ",devotion,politics,quantities,labor,games & sports,recognition,
Macbeth,Tragedy,1606,William Shakespeare,"A1, S6",LADY MACBETH,Female,"wherewith Your majesty loads our house: for those [honours] of old, And the late dignities heap'd up to them, We rest your hermits.",politics,economics,architecture,social status,recognition,religion,
Macbeth,Tragedy,1606,William Shakespeare,"A1, S6",DUNCAN,Male,We coursed him at the heels,hunting,anatomy,,,,,
Macbeth,Tragedy,1606,William Shakespeare,"A1, S6",DUNCAN,Male,"his great love, sharp as his spur, hath holp him",emotions,equestiran ,assistance,,,,
Macbeth,Tragedy,1606,William Shakespeare,"A1, S7",MACBETH,Male," if the assassination Could trammel up the consequence, and catch with his surcease, success",violence,hunting,judiciary,death,politics,,
Macbeth,Tragedy,1606,William Shakespeare,"A1, S7",MACBETH,Male,"upon this bank and shoal of time, We'd jump the life to come. ",nature,time,physical activities,religion,,,
Macbeth,Tragedy,1606,William Shakespeare,"A1, S7",MACBETH,Male,"teach Bloody instructions, which, being taught, return To plague the inventor:",education,violence,medicine,discovering,,,
Macbeth,Tragedy,1606,William Shakespeare,"A1, S7",MACBETH,Male,this even-handed justice Commends the ingredients of our poison'd chalice To our own lips. ,anatomy,judiciary,medicine,materials,religion,,
Macbeth,Tragedy,1606,William Shakespeare,"A1, S7",MACBETH,Male,"his virtues Will plead like angels, trumpet-tongued, ",character traits & nature,judiciary,religion,music,anatomy,,
Macbeth,Tragedy,1606,William Shakespeare,"A1, S7",MACBETH,Male,"pity, like a naked new-born babe, Striding the blast,",emotions,clothes,life's cycle,movement,nature,,
Macbeth,Tragedy,1606,William Shakespeare,"A1, S7",MACBETH,Male," or [pity] heaven's cherubim, horsed Upon the sightless couriers of the air, ",emotions,religion,equestrian,appearance,nature,,
Macbeth,Tragedy,1606,William Shakespeare,"A1, S7",MACBETH,Male,"[pity] Shall blow the horrid deed [murder] in every eye, That tears shall drown the wind.",emotions,breathing,violence,anatomy,nature,,
Macbeth,Tragedy,1606,William Shakespeare,"A1, S7",MACBETH,Male,"I have no spur To prick the sides of my intent, but only Vaulting ambition, which o'erleaps itself And falls on the other.",equestrian ,mental faculty & state,character traits & nature,physical activities,,,
Macbeth,Tragedy,1606,William Shakespeare,"A1, S7",MACBETH,Male,"I have bought Golden opinions from all sorts of people, Which would be worn now in their newest gloss",economics,recognition,clothes,light,,,
Macbeth,Tragedy,1606,William Shakespeare,"A1, S7",LADY MACBETH,Female,Was the hope drunk Wherein you dress'd yourself?,emotions,mental faculty & state,clothes,,,,
Macbeth,Tragedy,1606,William Shakespeare,"A1, S7",LADY MACBETH,Female,"hath it [hope] slept since? And wakes it now, to look so green and pale At what it did so freely?",emotions,sleep,sensations,colors,medicine,physical activities,social relations
Macbeth,Tragedy,1606,William Shakespeare,"A1, S7",LADY MACBETH,Female,"Wouldst thou have that [the crown] Which thou esteem'st the ornament of life, And live a coward in thine own esteem,",politics,mental faculty & state,art,life,character traits & nature,,
Macbeth,Tragedy,1606,William Shakespeare,"A1, S7",LADY MACBETH,Female,"['I dare not'] wait upon 'I would,' Like the poor cat i' the adage",emotions,social relations,mental faculty & state,animals,language,,
Macbeth,Tragedy,1606,William Shakespeare,"A1, S7",LADY MACBETH,Female,"What beast was't, then, That made you break this enterprise [violent plan] to me?",animals,violence,language,violence,,,
Macbeth,Tragedy,1606,William Shakespeare,"A1, S7",LADY MACBETH,Female,"screw your courage to the sticking-place,",violecnce,character traits & nature,spatial ,,,,
Macbeth,Tragedy,1606,William Shakespeare,"A1, S7",LADY MACBETH,Female,"with wine and wassail so convince, That memory, the warder of the brain, Shall be a fume, and the receipt of reason A limbeck only.",food,mental faculty & state,incarceration,anatomy,alchemy,,
Macbeth,Tragedy,1606,William Shakespeare,"A1, S7",LADY MACBETH,Female,"in swinish sleep Their drenched natures lie as in a death,",animals,sleep,food,character traits & nature,death,,
Macbeth,Tragedy,1606,William Shakespeare,"A1, S7",MACBETH,Male,mock the time with fairest show:,deception,time,appearance,,,,
Macbeth,Tragedy,1606,William Shakespeare,"A1, S7",MACBETH,Male,False face must hide what the false heart doth know.,deception,anatomy,concealment,ethics,mental faculty & state,,
Macbeth,Tragedy,1606,William Shakespeare,"A2, S1",BANQUO,Male,"There's husbandry in heaven, Their candles are all out. ",economics,religion,fire,consumption,,,
Macbeth,Tragedy,1606,William Shakespeare,"A2, S1",BANQUO,Male,"A heavy summons lies like lead upon me, And yet I would not sleep:",weight,commands,materials,sleep,,,
Macbeth,Tragedy,1606,William Shakespeare,"A2, S1",MACBETH,Male,"Being unprepared, Our will became the servant to defect; Which else should free have wrought.",mental faculty & state,social status,character traits & nature,social relation,labor,,
Macbeth,Tragedy,1606,William Shakespeare,"A2, S1",BANQUO,Male, keep My bosom franchised,preservation,anatomy,politics,,,,
Macbeth,Tragedy,1606,William Shakespeare,"A2, S1",MACBETH,Male,"Mine eyes are made the fools o' the other senses,",anatomy,mental faculty & state,sensations,,,,
Macbeth,Tragedy,1606,William Shakespeare,"A2, S1",MACBETH,Male,o'er the one halfworld Nature seems dead,spatial,nature,death,,,,
Macbeth,Tragedy,1606,William Shakespeare,"A2, S1",MACBETH,Male,wicked dreams abuse The curtain'd sleep;,ethics,mental faculty & state,deception,concealment,sleep,,
Macbeth,Tragedy,1606,William Shakespeare,"A2, S1",MACBETH,Male,"wither'd murder, Alarum'd by his sentinel, the wolf, Whose howl's his watch,",consumption,violence,military,animals,sounds,,
Macbeth,Tragedy,1606,William Shakespeare,"A2, S1",MACBETH,Male," thus with his [murder's] stealthy pace, With Tarquin's ravishing strides, towards his design Moves like a ghost. ",violence,movement,historical,sexuality,mental faculty & state,mystical,
Macbeth,Tragedy,1606,William Shakespeare,"A2, S1",MACBETH,Male,"earth, Hear not my steps, which way they walk, ",nature,sensations,movement,spatial,,,
Macbeth,Tragedy,1606,William Shakespeare,"A2, S1",MACBETH,Male,"for fear Thy very stones prate of my whereabout, And take the present horror from the time,",emotions,nature,language,spatial,privation,time,
Macbeth,Tragedy,1606,William Shakespeare,"A2, S1",MACBETH,Male,Words to the heat of deeds too cold breath gives.,language,temperature,physical activities,breathing,,,
Macbeth,Tragedy,1606,William Shakespeare,"A2, S1",MACBETH,Male,it is a knell That summons thee to heaven or to hell.,music,commands,religion,,,,
Macbeth,Tragedy,1606,William Shakespeare,"A2, S2",LADY MACBETH,Female,What [the wine] hath quench'd them hath given me fire.,food,consumption,fire,,,,
Macbeth,Tragedy,1606,William Shakespeare,"A2, S2",LADY MACBETH,Female,"the owl that shriek'd, the fatal bellman, Which gives the stern'st good-night.",animals,sounds,death,greeting,,,
Macbeth,Tragedy,1606,William Shakespeare,"A2, S2",LADY MACBETH,Female,grooms Do mock their charge with snores: ,social status,derision,labor,sleep,,,
Macbeth,Tragedy,1606,William Shakespeare,"A2, S2",LADY MACBETH,Female,"death and nature do contend about them, Whether they live or die.",death,nature,violence,life,,,
Macbeth,Tragedy,1606,William Shakespeare,"A2, S2",MACBETH,Male,with these hangman's hands.,death,anatomy,,,,,
Macbeth,Tragedy,1606,William Shakespeare,"A2, S2",MACBETH,Male,Amen' Stuck in my throat.,religion,hindrance,anatomy,,,,
Macbeth,Tragedy,1606,William Shakespeare,"A2, S2",MACBETH,Male,"murder sleep', the innocent sleep,",violence,sleep,judiciary,,,,
Macbeth,Tragedy,1606,William Shakespeare,"A2, S2",MACBETH,Male,"Sleep that knits up the ravelled sleave of care, ",sleep,clothes,destruction,feelings,,,
Macbeth,Tragedy,1606,William Shakespeare,"A2, S2",MACBETH,Male,"[sleep] The death of each day's life, ",sleep,death,time,life,,,
Macbeth,Tragedy,1606,William Shakespeare,"A2, S2",MACBETH,Male,"[sleep] sore labour's bath, ",sleep,suffering,labor,cleaning,,,
Macbeth,Tragedy,1606,William Shakespeare,"A2, S2",MACBETH,Male,"[sleep] Balm of hurt minds, ",sleep,medicine,injuries,mental faculty & state,,,
Macbeth,Tragedy,1606,William Shakespeare,"A2, S2",MACBETH,Male,"[sleep] great nature's second course, Chief nourisher in life's feast,-",sleep,nature,food,life,,,
Macbeth,Tragedy,1606,William Shakespeare,"A2, S2",MACBETH,Male,"murder'd sleep, ",violence,sleep,,,,,
Macbeth,Tragedy,1606,William Shakespeare,"A2, S2",LADY MACBETH,Female,wash this filthy witness from your hand.,cleaning,judiciary,anatomy,,,,
Macbeth,Tragedy,1606,William Shakespeare,"A2, S2",LADY MACBETH,Female,the sleeping and the dead Are but as pictures:,sleep,death,art,,,,
Macbeth,Tragedy,1606,William Shakespeare,"A2, S2",LADY MACBETH,Female,tis the eye of childhood 'That fears a painted devil.,anatomy,life's cycle,emotions,art,religion,,
Macbeth,Tragedy,1606,William Shakespeare,"A2, S2",LADY MACBETH,Female,"If he [the king] do bleed, I'll gild the faces of the grooms withal;",politics,injuries,economics ,anatomy,social status,,
Macbeth,Tragedy,1606,William Shakespeare,"A2, S2",MACBETH,Male,What hands are here? ha! they pluck out mine eyes.,anatomy,violence,,,,,
Macbeth,Tragedy,1606,William Shakespeare,"A2, S2",MACBETH,Male,Will all great Neptune's ocean wash this blood Clean from my hand? ,myth,nature,cleaning,anatomy,,,
Macbeth,Tragedy,1606,William Shakespeare,"A2, S2",MACBETH,Male,"my hand will rather The multitudinous seas incarnadine, Making the green one red.",anatomy,spatial,nature,transformation,colors,,
Macbeth,Tragedy,1606,William Shakespeare,"A2, S2",LADY MACBETH,Female, I shame To wear a heart so white.,emotions,clothes,anatomy,colors,,,
Macbeth,Tragedy,1606,William Shakespeare,"A2, S2",LADY MACBETH,Female,A little water clears us of this deed [murder]:,quantities,cleaning,judiciary,violence,,,
Macbeth,Tragedy,1606,William Shakespeare,"A2, S2",LADY MACBETH,Female,Your constancy Hath left you unattended.,character traits & nature,privation,assistance,,,,
Macbeth,Tragedy,1606,William Shakespeare,"A2, S2",LADY MACBETH,Female,Be not lost So poorly in your thoughts.,spatial,suffering,mental faculty & state,,,,
Macbeth,Tragedy,1606,William Shakespeare,"A2, S3",Porter,Male,"here's an equivocator, that could swear in both the scales against either scale, who committed treason enough for God's sake, yet could not equivocate to heaven",language,weight,politics,religion,,,
Macbeth,Tragedy,1606,William Shakespeare,"A2, S3",Porter,Male,"come in, tailor; here you may roast your goose.",clothes,food,animals,,,,
Macbeth,Tragedy,1606,William Shakespeare,"A2, S3",Porter,Male, I'll [play] devil-porter it no further,theatre,religion,architecture,,,,
Macbeth,Tragedy,1606,William Shakespeare,"A2, S3",Porter,Male,go the primrose way to the everlasting bonfire. ,movement,nature,spatial ,time,religion,,
Macbeth,Tragedy,1606,William Shakespeare,"A2, S3",Porter,Male,"drink especially provoke? nose-painting,",food,anatomy ,art,,,,
Macbeth,Tragedy,1606,William Shakespeare,"A2, S3",Porter,Male,much drink may be said to be an equivocator with lechery:,food,language,sexuality,,,,
Macbeth,Tragedy,1606,William Shakespeare,"A2, S3",Porter,Male,"[drink] equivocates him in a sleep, and, giving him the lie, leaves him. ",food,language,sleep,sexuality,privation,,
Macbeth,Tragedy,1606,William Shakespeare,"A2, S3",Porter,Male,"That it [drink] did [gave the lie], sir, i' the very throat on me:",food,sexuality,anatomy,,,,
Macbeth,Tragedy,1606,William Shakespeare,"A2, S3",Porter,Male,"though he [drink] took up my legs sometime, yet I made a shift to cast him.",food,games & sport,anatomy,movement,,,
Macbeth,Tragedy,1606,William Shakespeare,"A2, S3",MACDUFF,Male,a joyful trouble,emotions,suffering,,,,,
Macbeth,Tragedy,1606,William Shakespeare,"A2, S3",MACBETH,Male,The labour we delight in physics pain.,labor,feelings,medicine,suffering,,,
Macbeth,Tragedy,1606,William Shakespeare,"A2, S3",LENNOX,Male,"Lamentings heard i' the air; strange screams of death, ",emotions,sensations,nature,mental faculty & state,sounds,death,
Macbeth,Tragedy,1606,William Shakespeare,"A2, S3",LENNOX,Male,"[Lamentings] And prophesying with accents terrible, ",emotions,mystical,language,,,,
Macbeth,Tragedy,1606,William Shakespeare,"A2, S3",LENNOX,Male,Of dire combustion and confused events New hatch'd to the woeful time.,fire,mental faculty & state,animals,emotions,time,,
Macbeth,Tragedy,1606,William Shakespeare,"A2, S3",LENNOX,Male,the earth Was feverous and did shake.,nature,medicine,violence,,,,
Macbeth,Tragedy,1606,William Shakespeare,"A2, S3",MACDUFF,Male,Tongue nor heart Cannot conceive nor name thee [horror]!,anatomy,language,mental faculty & state,emotions,,,
Macbeth,Tragedy,1606,William Shakespeare,"A2, S3",MACDUFF,Male,Confusion now hath made his masterpiece!,mental faculty & state,art,,,,,
Macbeth,Tragedy,1606,William Shakespeare,"A2, S3",MACDUFF,Male,"Most sacrilegious murder hath broke ope The Lord's anointed temple, ",religion,violence,spatial ,architecture,,,
Macbeth,Tragedy,1606,William Shakespeare,"A2, S3",MACDUFF,Male,and [murder]  stole thence The life o' the building!,violence,economics,life,architecture,,,
Macbeth,Tragedy,1606,William Shakespeare,"A2, S3",MACDUFF,Male,destroy your sight With a new Gorgon: ,destruction,sensations,myth,,,,
Macbeth,Tragedy,1606,William Shakespeare,"A2, S3",MACDUFF,Male,"Shake off this downy sleep, death's counterfeit,",violence,sleep,death,deception,,,
Macbeth,Tragedy,1606,William Shakespeare,"A2, S3",MACDUFF,Male,"up, up, and see The great doom's image",sleep,sensations,religion,art,,,
Macbeth,Tragedy,1606,William Shakespeare,"A2, S3",MACDUFF,Male,"As from your graves rise up, and walk like sprites, To countenance this horror",death,sleep,movement,mystical,etiquette,emotions,
Macbeth,Tragedy,1606,William Shakespeare,"A2, S3",MACDUFF,Male,"The repetition, in a woman's ear, Would murder as it fell.",language,women ,anatomy,violence,,,
Macbeth,Tragedy,1606,William Shakespeare,"A2, S3",MACBETH,Male,There 's nothing serious in mortality: All is but toys:,privation,mental faculty & state,life,games & sport,,,
Macbeth,Tragedy,1606,William Shakespeare,"A2, S3",MACBETH,Male,renown and grace is dead;,recognition,religion,death,,,,
Macbeth,Tragedy,1606,William Shakespeare,"A2, S3",MACBETH,Male,"The wine of life is drawn, and the mere lees Is left this vault to brag of.",food,life,consumption,preservation,architecture,language,
Macbeth,Tragedy,1606,William Shakespeare,"A2, S3",MACBETH,Male,"The spring, the head, the fountain of your blood Is stopp'd;",nature,anatomy,hindrance,,,,
Macbeth,Tragedy,1606,William Shakespeare,"A2, S3",MACBETH,Male,"The expedition of my violent love Outran the pauser, reason. ",speed,violence,emotions,movement,mental faculty & state,hindrance,
Macbeth,Tragedy,1606,William Shakespeare,"A2, S3",MACBETH,Male,His silver skin laced with his golden blood;,economics ,anatomy,clothes,,,,
Macbeth,Tragedy,1606,William Shakespeare,"A2, S3",MACBETH,Male,his gash'd stabs look'd like a breach in nature For ruin's wasteful entrance: ,injuries,nature,destruction,spatial,,,
Macbeth,Tragedy,1606,William Shakespeare,"A2, S3",MACBETH,Male,"the murderers, Steep'd in the colours of their trade,",violence,cleaning,colors,economics,,,
Macbeth,Tragedy,1606,William Shakespeare,"A2, S3",MACBETH,Male,"who could refrain, That had a heart to love, and in that heart Courage to make 's love known",resistance,anatomy,emotions,character traits & nature,recognition,,
Macbeth,Tragedy,1606,William Shakespeare,"A2, S3",MALCOLM,Male,"we hold our tongues, ",hindrance,anatomy,,,,,
Macbeth,Tragedy,1606,William Shakespeare,"A2, S3",DONALBAIN,Male,"our fate, Hid in an auger-hole, may rush, and seize us",mystical,concealment,hunting,spatial ,,,
Macbeth,Tragedy,1606,William Shakespeare,"A2, S3",DONALBAIN,Male,Our tears are not yet brew'd.,anatomy,food,,,,,
Macbeth,Tragedy,1606,William Shakespeare,"A2, S3",MALCOLM,Male,nor our strong sorrow Upon the foot of motion.,emotions,anatomy,movement,,,,
Macbeth,Tragedy,1606,William Shakespeare,"A2, S3",BANQUO,Male,"when we have our naked frailties hid, ",clothes ,character traits & nature,concealment,,,,
Macbeth,Tragedy,1606,William Shakespeare,"A2, S3",BANQUO,Male,"In the great hand of God I stand, and thence Against the undivulged pretence I fight Of treasonous malice.",anatomy,religion,physical activities,deception,violence,politics,ethics
Macbeth,Tragedy,1606,William Shakespeare,"A2, S3",MACBETH,Male,Let's briefly put on manly readiness,clothes,men,mental faculty & state,,,,
Macbeth,Tragedy,1606,William Shakespeare,"A2, S3",DONALBAIN,Male,There's daggers in men's smiles:,weapons,facial expressions,,,,,
Macbeth,Tragedy,1606,William Shakespeare,"A2, S3",MALCOLM,Male,"This murderous shaft that's shot Hath not yet lighted, and our safest way Is to avoid the aim.",violence,weaons,hunting,danger,spatial ,,
Macbeth,Tragedy,1606,William Shakespeare,"A2, S3",MALCOLM,Male,"there's warrant in that theft Which steals itself, when there's no mercy left. ",judiciary,economics ,privation,,,,
Macbeth,Tragedy,1606,William Shakespeare,"A2, S4",ROSS,Male,"the heavens, as troubled with man's act, Threaten his bloody stage:",religion,suffering,humanity,danger,theatre,violence,
Macbeth,Tragedy,1606,William Shakespeare,"A2, S4",ROSS,Male,dark night strangles the travelling lamp:,darkness,violence,geography,light,,,
Macbeth,Tragedy,1606,William Shakespeare,"A2, S4",ROSS,Male,"Is't night's predominance, or the day's shame,  ",darkness,astrology,light,emotions,,,
Macbeth,Tragedy,1606,William Shakespeare,"A2, S4",ROSS,Male,"darkness does the face of earth entomb, ",darkness,anatomy,nature,death,,,
Macbeth,Tragedy,1606,William Shakespeare,"A2, S4",ROSS,Male,When living light should kiss it?,life ,light,affection,,,,
Macbeth,Tragedy,1606,William Shakespeare,"A2, S4",Old Man,Male,"unnatural, Even like the deed [murder] that's done.",nature,violence,,,,,
Macbeth,Tragedy,1606,William Shakespeare,"A2, S4",ROSS,Male,"[horses] Contending 'gainst obedience, as they would make War with mankind.",equestrian ,violence,devotion,military,humanity,,
Macbeth,Tragedy,1606,William Shakespeare,"A2, S4",ROSS,Male,"Thriftless ambition, that wilt raven up Thine own life's means!",economics,character traits & nature,food,life,,,
Macbeth,Tragedy,1606,William Shakespeare,"A2, S4",MACDUFF,Male,Lest our [regime] old robes sit easier than our new!,politics,clothes ,feelings,,,,
Macbeth,Tragedy,1606,William Shakespeare,"A3, S1",BANQUO,Male,Thou play'dst most foully for't [kingship]:,games & sport,ethics,politics,,,,
Macbeth,Tragedy,1606,William Shakespeare,"A3, S1",BANQUO,Male,myself should be the root and father Of many kings.,nature,familial,politics,,,,
Macbeth,Tragedy,1606,William Shakespeare,"A3, S1",BANQUO,Male,"If there come truth from them [witches] As upon thee, Macbeth, their speeches shine",language ,mystical,light,,,,
Macbeth,Tragedy,1606,William Shakespeare,"A3, S1",LADY MACBETH,Female,"If he had been forgotten, It had been as a gap in our great feast, And all-thing unbecoming.",mental faculty & state,spatial ,food,etiqeutte,,,
Macbeth,Tragedy,1606,William Shakespeare,"A3, S1",BANQUO,Male,my duties Are with a most indissoluble tie For ever knit.,devotion,clothes,,,,,
Macbeth,Tragedy,1606,William Shakespeare,"A3, S1",BANQUO,Male,I must become a borrower of the night For a dark hour or twain.,economics,darkness,time,,,,
Macbeth,Tragedy,1606,William Shakespeare,"A3, S1",BANQUO,Male,our time does call upon 's.,time,commands,,,,,
Macbeth,Tragedy,1606,William Shakespeare,"A3, S1",MACBETH,Male,Let every man be master of his time,men,social status,time,,,,
Macbeth,Tragedy,1606,William Shakespeare,"A3, S1",MACBETH,Male,To be thus [king] is nothing;,politics,privation,,,,,
Macbeth,Tragedy,1606,William Shakespeare,"A3, S1",MACBETH,Male,Our fears in Banquo Stick deep;,emotions,violence,spatial ,,,,
Macbeth,Tragedy,1606,William Shakespeare,"A3, S1",MACBETH,Male,"My Genius is rebuked; as, it is said, Mark Antony's was by Caesar. ",mystical,etiquette,historical,,,,
Macbeth,Tragedy,1606,William Shakespeare,"A3, S1",MACBETH,Male,prophet-like They [witches] hail'd him,religion,mystical,greeting,,,,
Macbeth,Tragedy,1606,William Shakespeare,"A3, S1",MACBETH,Male,"Upon my head they placed a fruitless crown, put a barren sceptre in my gripe, Thence to be wrenched with an unlineal hand, No son of mine succeeding.",anatomy,agriculture,politics,reproduction,violence,familial,
Macbeth,Tragedy,1606,William Shakespeare,"A3, S1",MACBETH,Male,For Banquo's [enemy] issue have I filed my mind;,social relations,familial,cleaning,mental faculty & state,,,
Macbeth,Tragedy,1606,William Shakespeare,"A3, S1",MACBETH,Male,Put rancours in the vessel of my peace only for them [Banquo's [enemy] issue],feelings,food,politics,social relations,familial,,
Macbeth,Tragedy,1606,William Shakespeare,"A3, S1",MACBETH,Male,"mine eternal jewel Given to the common enemy of man [devil], ",time,economics,social relations,humanity,religion,,
Macbeth,Tragedy,1606,William Shakespeare,"A3, S1",MACBETH,Male,"come fate into the list, And champion me to th'utterance!",mystical,games & sport,social relations,death,,,
Macbeth,Tragedy,1606,William Shakespeare,"A3, S1",MACBETH,Male,"you were borne in hand, how cross'd;",labor,anatomy,deception,,,,
Macbeth,Tragedy,1606,William Shakespeare,"A3, S1",MACBETH,Male,heavy hand hath bowed you to the grave and beggar'd yours for ever,weight,anatomy,social relations,death,economics,time,
Macbeth,Tragedy,1606,William Shakespeare,"A3, S1",MACBETH,Male,"in the catalogue ye go for men; As hounds and greyhounds, mongrels, spaniels, curs, Shoughs, water-rugs and demi-wolves, are clept All by the name of dogs",language,men,animals,,,,
Macbeth,Tragedy,1606,William Shakespeare,"A3, S1",MACBETH,Male,every one [character trait] According to the gift which bounteous nature Hath in him closed;,character traits & nature,economics,ethics,nature,spatial,,
Macbeth,Tragedy,1606,William Shakespeare,"A3, S1",MACBETH,Male,"I will put that business in your bosoms, ",labor,anatomy,,,,,
Macbeth,Tragedy,1606,William Shakespeare,"A3, S1",MACBETH,Male,"Grapples you to the heart and love of us,",adhesion,anatomy,emotions,,,,
Macbeth,Tragedy,1606,William Shakespeare,"A3, S1",MACBETH,Male,"Who wear our health but sickly in his life, ",clothes,medicine,life,,,,
Macbeth,Tragedy,1606,William Shakespeare,"A3, S1",MACBETH,Male,Which in his death were perfect [health].,death,medicine,,,,,
Macbeth,Tragedy,1606,William Shakespeare,"A3, S1",MACBETH,Male,"tugg'd with fortune, ",violence,mystical,,,,,
Macbeth,Tragedy,1606,William Shakespeare,"A3, S1",MACBETH,Male,every minute of his being thrusts Against my near'st of life:,time,violence,spatial ,life,,,
Macbeth,Tragedy,1606,William Shakespeare,"A3, S1",MACBETH,Male,Masking the business from the common eye ,concealment,labor,social status,anatomy,,,
Macbeth,Tragedy,1606,William Shakespeare,"A3, S1",MACBETH,Male,Your spirits shine through you.,religion,light,,,,,
Macbeth,Tragedy,1606,William Shakespeare,"A3, S1",MACBETH,Male,"I require a clearness: and with him, To leave no rubs nor botches in the work,",judiciary,preservation,hindrance,labor,,,
Macbeth,Tragedy,1606,William Shakespeare,"A3, S1",MACBETH,Male,must embrace the fate Of that dark hour.,affection,mystical,darkness,time,,,
Macbeth,Tragedy,1606,William Shakespeare,"A3, S1",MACBETH,Male,"thy soul's flight, If it find heaven, must find it out tonight.",religion,animals,discovering,darkness,,,
Macbeth,Tragedy,1606,William Shakespeare,"A3, S2",LADY MACBETH,Female,"Of sorriest fancies your companions making, Using those thoughts which should indeed have died With them they think on?",mental faculty & state,social relations,death,,,,
Macbeth,Tragedy,1606,William Shakespeare,"A3, S2",MACBETH,Male,"We have scortch'd the snake,",violence,animals,,,,,
Macbeth,Tragedy,1606,William Shakespeare,"A3, S2",MACBETH,Male,our poor malice Remains in danger of her [snake] former tooth.,violence,danger,animals,anatomy,,,
Macbeth,Tragedy,1606,William Shakespeare,"A3, S2",MACBETH,Male,"better be with the dead, Whom we, to gain our peace, have sent to peace, Than on the torture of the mind to lie In restless ecstasy.",death,feelings,violence,mental faculty & state,sleep,,
Macbeth,Tragedy,1606,William Shakespeare,"A3, S2",MACBETH,Male,Duncan is in his grave; After life's fitful fever he sleeps well;,death,medicine,life,sleep,,,
Macbeth,Tragedy,1606,William Shakespeare,"A3, S2",MACBETH,Male,"Present him eminence, both with eye and tongue:",appearance,recognition,anatomy,,,,
Macbeth,Tragedy,1606,William Shakespeare,"A3, S2",MACBETH,Male,"We Must lave our honours in these flattering streams, ",cleaning,social status,recognition,nature,,,
Macbeth,Tragedy,1606,William Shakespeare,"A3, S2",MACBETH,Male,"And make our faces vizards to our hearts, Disguising what they are.",anatomy,theatre,concealment,,,,
Macbeth,Tragedy,1606,William Shakespeare,"A3, S2",MACBETH,Male,"full of scorpions is my mind, ",animals,mental faculty & state,,,,,
Macbeth,Tragedy,1606,William Shakespeare,"A3, S2",LADY MACBETH,Female,nature's copy's not eterne.,nature,judiciary,time,,,,
Macbeth,Tragedy,1606,William Shakespeare,"A3, S2",MACBETH,Male,"The shard-born beetle with his drowsy hums Hath rung night's yawning peal,",anatomy,reproduction,animals,sleep,sounds,darkness,
Macbeth,Tragedy,1606,William Shakespeare,"A3, S2",MACBETH,Male,"seeling night, Scarf up the tender eye of pitiful day",concealment,darkness,anatomy,character traits & nature,time,,
Macbeth,Tragedy,1606,William Shakespeare,"A3, S2",MACBETH,Male,with thy [the night's] bloody and invisible hand Cancel and tear to pieces that great bond Which keeps me pale! ,darkness,violence,appearance,anatomy,judiciary,preservation,medicine
Macbeth,Tragedy,1606,William Shakespeare,"A3, S2",MACBETH,Male,Good things of day begin to droop and drowse;,ethics,light,sleep,,,,
Macbeth,Tragedy,1606,William Shakespeare,"A3, S2",MACBETH,Male, night's black agents to their preys do rouse.,darkness,colors,social relations,hunting,sleep,,
Macbeth,Tragedy,1606,William Shakespeare,"A3, S3",BANQUO,Male,[murderer] O slave!,violence,social status,,,,,
Macbeth,Tragedy,1606,William Shakespeare,"A3, S4",MACBETH,Male,the hearty welcome.,anatomy,greeting,,,,,
Macbeth,Tragedy,1606,William Shakespeare,"A3, S4",MACBETH,Male,play the humble host.,theatre,character traits & nature,social relations,,,,
Macbeth,Tragedy,1606,William Shakespeare,"A3, S4",LADY MACBETH,Female,my heart speaks they are welcome.,anatomy,language,greeting,,,,
Macbeth,Tragedy,1606,William Shakespeare,"A3, S4",MACBETH,Male,they encounter thee with their hearts' thanks.,social relations,anatomy,recognition,,,,
Macbeth,Tragedy,1606,William Shakespeare,"A3, S4",MACBETH,Male,"Then comes my fit again: I had else been perfect, Whole as the marble, founded as the rock,  As broad and general as the casing air:",medicine,character traits & nature,materials,danger,nature,spatial,
Macbeth,Tragedy,1606,William Shakespeare,"A3, S4",MACBETH,Male,"I am cabined, cribbed, confined, bound in To saucy doubts and fears.",incarceration,derision,mental faculty & state,emotions,,,
Macbeth,Tragedy,1606,William Shakespeare,"A3, S4",MACBETH,Male,"There the grown serpent lies; the worm that's fled Hath nature that in time will venom breed, ",animals,death,danger,character traits & nature,time,violence,reproduction
Macbeth,Tragedy,1606,William Shakespeare,"A3, S4",MACBETH,Male,[the worm has] No teeth for the present. ,animals,anatomy,time,,,,
Macbeth,Tragedy,1606,William Shakespeare,"A3, S4",LADY MACBETH,Female,"the feast is sold That is not often vouch'd, ",food,economics ,etiquette,,,,
Macbeth,Tragedy,1606,William Shakespeare,"A3, S4",LADY MACBETH,Female,"From thence, the sauce to meat is ceremony; ",food,etiquette,,,,,
Macbeth,Tragedy,1606,William Shakespeare,"A3, S4",MACBETH,Male," good digestion wait on appetite, And health on both!",food,social relations,medicine,,,,
Macbeth,Tragedy,1606,William Shakespeare,"A3, S4",MACBETH,Male,"had we now our country's honour roof'd, ",politics,social status,architecture,,,,
Macbeth,Tragedy,1606,William Shakespeare,"A3, S4",LADY MACBETH,Female,The fit is momentary; upon a thought He will again be well: ,medicine,time,mental faculty & state,,,,
Macbeth,Tragedy,1606,William Shakespeare,"A3, S4",LADY MACBETH,Female,This [imagining] is the very painting of your fear: ,mental faculty & state,art,emotions,,,,
Macbeth,Tragedy,1606,William Shakespeare,"A3, S4",LADY MACBETH,Female,This [imagining] is the air-drawn dagger ,mental faculty & state,nature,weapons,,,,
Macbeth,Tragedy,1606,William Shakespeare,"A3, S4",LADY MACBETH,Female,"these flaws and starts, Imposters to true fear, ",nature,emotions,deception,,,,
Macbeth,Tragedy,1606,William Shakespeare,"A3, S4",LADY MACBETH,Female,"[these flaws and starts] would well become A woman's story at a winter's fire, Authorized by her grandam.",nature,emotions,etiquette,women,language,domestic,life's cycle
Macbeth,Tragedy,1606,William Shakespeare,"A3, S4",MACBETH,Male,"If charnel-houses and our graves must send Those that we bury back,  our monuments Shall be the maws of kites.",death,architecture,anatomy,animals,,,
Macbeth,Tragedy,1606,William Shakespeare,"A3, S4",LADY MACBETH,Female,quite unmanned in folly,men,mental faculty & state,,,,,
Macbeth,Tragedy,1606,William Shakespeare,"A3, S4",MACBETH,Male,"Blood hath been shed ere now, i' the olden time, Ere humane statute purged the gentle weal;",anatomy,violence,time,humanity,judiciary,medicine,politics
Macbeth,Tragedy,1606,William Shakespeare,"A3, S4",MACBETH,Male,murders have been perform'd Too terrible for the ear:,violence,emotions,anatomy,,,,
Macbeth,Tragedy,1606,William Shakespeare,"A3, S4",MACBETH,Male,"I have a strange infirmity, which is nothing",mental faculty & state,medicine,privation,,,,
Macbeth,Tragedy,1606,William Shakespeare,"A3, S4",MACBETH,Male,let the earth hide thee [ghost]!,nature,concealment,mystical,,,,
Macbeth,Tragedy,1606,William Shakespeare,"A3, S4",MACBETH,Male,"Approach thou [ghost] like the rugged Russian bear, The arm'd rhinoceros, or the Hyrcan tiger;",movement,mystical,ethnicity,animals,weapons,,
Macbeth,Tragedy,1606,William Shakespeare,"A3, S4",MACBETH,Male,my firm nerves Shall never tremble:,anatomy,time,emotions,,,,
Macbeth,Tragedy,1606,William Shakespeare,"A3, S4",MACBETH,Male,"If trembling I inhabit then, protest me The baby of a girl.",emotions,accommodation,language,life's cycle,women,,
Macbeth,Tragedy,1606,William Shakespeare,"A3, S4",MACBETH,Male,"shadow! Unreal mockery, hence! [Ghost]",darkness,derision,mystical,,,,
Macbeth,Tragedy,1606,William Shakespeare,"A3, S4",MACBETH,Male,"Can such things [ghosts] be, and overcome us like a summer's cloud,",mystical,violence,nature,,,,
Macbeth,Tragedy,1606,William Shakespeare,"A3, S4",MACBETH,Male,"It [murder] will have blood; they say, blood will have blood",violence,anatomy,,,,,
Macbeth,Tragedy,1606,William Shakespeare,"A3, S4",MACBETH,Male,The secret'st man of blood. ,concealment,men,anatomy,,,,
Macbeth,Tragedy,1606,William Shakespeare,"A3, S4",MACBETH,Male,"I am in blood Stepped in so far, that should I wade no more, Returning were as tedious as go o'er:",anatomy,movement,spatial ,consumption,,,
Macbeth,Tragedy,1606,William Shakespeare,"A3, S4",MACBETH,Male,"Strange things I have in head, that will to hand, Which must be acted ere they may be scanned.",mental faculty & state,anatomy,physical activities,time,,,
Macbeth,Tragedy,1606,William Shakespeare,"A3, S4",LADY MACBETH,Female,"You lack the season of all natures, sleep.",privation,food,character traits & nature,sleep,,,
Macbeth,Tragedy,1606,William Shakespeare,"A3, S5",HECATE,Female,To trade and traffic with Macbeth In riddles and affairs of death;,economics,mystical,death,,,,
Macbeth,Tragedy,1606,William Shakespeare,"A3, S5",HECATE,Female,security Is mortals' chiefest enemy.,danger,life,social relations,,,,
Macbeth,Tragedy,1606,William Shakespeare,"A3, S6",LENNOX,Male,"the two delinquents tear, That were the slaves of drink and thralls of sleep?",judiciary,violence,social status,food,sleep,,
Macbeth,Tragedy,1606,William Shakespeare,"A3, S6",LENNOX,Male,twould have anger'd any heart alive To hear the men deny't [murder],emotions,anatomy,life,sensations,judiciary,violence,
Macbeth,Tragedy,1606,William Shakespeare,"A3, S6",Lord,Male,the malevolence of fortune nothing Takes from his high respect:,ethics,mystical,privation,devotion,,,
Macbeth,Tragedy,1606,William Shakespeare,"A3, S6",Lord,Male,"upon his [king's] aid to wake Northumberland,",politics,assistance,sleep,,,,
Macbeth,Tragedy,1606,William Shakespeare,"A3, S6",Lord,Male,"Free from our feasts and banquets bloody knives,",social relations,food,violence,weapons,,,
Macbeth,Tragedy,1606,William Shakespeare,"A3, S6",LENNOX,Male,our suffering country Under a hand accursed!,suffering,politics,spatial,anatomy,religion,,
Macbeth,Tragedy,1606,William Shakespeare,"A3, S6",LENNOX,Male,You'll rue the time That clogs me with this answer.',emotions,time,hindrance,language,,,
Macbeth,Tragedy,1606,William Shakespeare,"A4, S1",Second Witch,Female,"a charm of powerful trouble, Like a hell-broth boil",mystical,suffering,religion,food,temperature,,
Macbeth,Tragedy,1606,William Shakespeare,"A4, S1",HECATE,Female,I commend your pains; ,recognition,suffering,,,,,
Macbeth,Tragedy,1606,William Shakespeare,"A4, S1",HECATE,Female,"about the cauldron sing, Like elves and fairies in a ring,",food,music,mystical,spatial,,,
Macbeth,Tragedy,1606,William Shakespeare,"A4, S1",MACBETH,Male,untie the winds and let them fight Against the churches; ,games & sport,nature,violence,religion,,,
Macbeth,Tragedy,1606,William Shakespeare,"A4, S1",MACBETH,Male,the yeasty waves Confound and swallow navigation up;,food,nature,mental faculty & state,nautical,,,
Macbeth,Tragedy,1606,William Shakespeare,"A4, S1",MACBETH,Male,though the treasure Of nature's germens tumble all together even till destruction sicken; ,economics,nature,reproduction,destruction,medicine,,
Macbeth,Tragedy,1606,William Shakespeare,"A4, S1",MACBETH,Male,"Had I three ears, I'd hear thee [apparition].",quantities,anatomy,sensations,mystical,,,
Macbeth,Tragedy,1606,William Shakespeare,"A4, S1",MACBETH,Male,"I'll make assurance double sure, And take a bond of fate:",feelings,quantities,judiciary,mystical,,,
Macbeth,Tragedy,1606,William Shakespeare,"A4, S1",MACBETH,Male,"I may tell pale-hearted fear it lies, And sleep in spite of thunder.",language,medicine,anatomy,emotions,sleep,resistance,nature
Macbeth,Tragedy,1606,William Shakespeare,"A4, S1",Third Apparition,It,"Be lion-mettled, proud, and take no care Who chafes, who frets, or where conspirers are:",animals,character traits & nature,feelings,fire,language,politics,
Macbeth,Tragedy,1606,William Shakespeare,"A4, S1",MACBETH,Male,"Rebellion's head, rise never",social unrest,anatomy,physical activities,time,,,
Macbeth,Tragedy,1606,William Shakespeare,"A4, S1",MACBETH,Male,"Macbeth Shall live the lease of nature, ",life,judiciary,nature,,,,
Macbeth,Tragedy,1606,William Shakespeare,"A4, S1",MACBETH,Male,pay his breath To time and mortal custom.,economics,breathing,time,life,etiquette,,
Macbeth,Tragedy,1606,William Shakespeare,"A4, S1",MACBETH,Male,my heart Throbs to know,anatomy,violence,mental faculty & state,,,,
Macbeth,Tragedy,1606,William Shakespeare,"A4, S1",ALL Witches,Female,"Show his eyes, and grieve his heart; ",discovering,anatomy,emotions,,,,
Macbeth,Tragedy,1606,William Shakespeare,"A4, S1",ALL Witches,Female,"Come [apparitions] like shadows, so depart!",movement,mystical,darkness,privation,,,
Macbeth,Tragedy,1606,William Shakespeare,"A4, S1",MACBETH,Male,"Thy crown does sear mine eye-balls. And thy hair, Thou other gold-bound brow, is like the first [heir].",politics,violence,anatomy,materials,familial,,
Macbeth,Tragedy,1606,William Shakespeare,"A4, S1",MACBETH,Male,the line stretch out to the crack of doom,spatial,nature,religion,,,,
Macbeth,Tragedy,1606,William Shakespeare,"A4, S1",First Witch,Female,Our duties did his welcome pay.,devotion,etiquette,economics,,,,
Macbeth,Tragedy,1606,William Shakespeare,"A4, S1",MACBETH,Male,this pernicious hour Stand aye accursed in the calendar!,destruction,time,religion,,,,
Macbeth,Tragedy,1606,William Shakespeare,"A4, S1",MACBETH,Male,Infected be the air whereon they [witches] ride;,medicine,nature,mystical,equestrian,,,
Macbeth,Tragedy,1606,William Shakespeare,"A4, S1",MACBETH,Male,"Time, thou anticipatest my dread exploits [murders]:",time,mental faculty & state,violence,,,,
Macbeth,Tragedy,1606,William Shakespeare,"A4, S1",MACBETH,Male,The flighty purpose never is o'ertook Unless the deed go with it;,animals,mental faculty & state,time,hunting,physical activities,social relations,
Macbeth,Tragedy,1606,William Shakespeare,"A4, S1",MACBETH,Male,The very firstlings of my heart shall be The firstlings of my hand. ,familial,anatomy,,,,,
Macbeth,Tragedy,1606,William Shakespeare,"A4, S1",MACBETH,Male,"To crown my thoughts with acts, ",politics,mental faculty & state,physical activities,,,,
Macbeth,Tragedy,1606,William Shakespeare,"A4, S1",MACBETH,Male,boasting like a fool;,language,mental faculty & state,,,,,
Macbeth,Tragedy,1606,William Shakespeare,"A4, S1",MACBETH,Male,This deed [murder] I'll do before this purpose cool.,violence,mental faculty & state,temperature,,,,
Macbeth,Tragedy,1606,William Shakespeare,"A4, S2",LADY MACDUFF,Female,He loves us not; He wants the natural touch: ,emotions,privation,sensations,,,,
Macbeth,Tragedy,1606,William Shakespeare,"A4, S2",LADY MACDUFF,Female,"the poor wren, The most diminutive of birds, will fight, Her young ones in her nest, against the owl.",animals,size,violence,life's cycle,accomodation,,
Macbeth,Tragedy,1606,William Shakespeare,"A4, S2",ROSS,Male,The fits o'th' season.,medicine,time,,,,,
Macbeth,Tragedy,1606,William Shakespeare,"A4, S2",ROSS,Male,"when we hold rumour From what we fear, yet know not what we fear, But float upon a wild and violent sea",language,emotions,mental faculty & state,nautical,violence,nature,
Macbeth,Tragedy,1606,William Shakespeare,"A4, S2",ROSS,Male,"Things at the worst will cease, or else climb upward To what they were before. ",suffering,hindrance,physical activity,spatial,time,,
Macbeth,Tragedy,1606,William Shakespeare,"A4, S2",Son,Male,"[live] As birds do, ",life,animals,,,,,
Macbeth,Tragedy,1606,William Shakespeare,"A4, S2",LADY MACDUFF,Female,"Poor bird! thou'ldst never fear the net nor lime, The pitfall nor the gin.",animals,time,emotions,hunting,,,
Macbeth,Tragedy,1606,William Shakespeare,"A4, S2",LADY MACDUFF,Female, I can buy me twenty [husbands] at any market.,economics,quantities,matrimony,,,,
Macbeth,Tragedy,1606,William Shakespeare,"A4, S2",Son,Male,Then you'll buy 'em [husbands] to sell again.,economics,matrimony,,,,,
Macbeth,Tragedy,1606,William Shakespeare,"A4, S2",LADY MACDUFF,Female,"thee [son], poor monkey!",familial,animals,,,,,
Macbeth,Tragedy,1606,William Shakespeare,"A4, S2",LADY MACDUFF,Female,"Do I put up that womanly defence, To say I have done no harm?",judiciary,women ,language,violence,,,
Macbeth,Tragedy,1606,William Shakespeare,"A4, S2",First Murderer,Male,you egg! Young fry of treachery!,animals,life's cycle,politics,,,,
Macbeth,Tragedy,1606,William Shakespeare,"A4, S3",MALCOLM,Male,Weep our sad bosoms empty.,emotions,anatomy,privation,,,,
Macbeth,Tragedy,1606,William Shakespeare,"A4, S3",MACDUFF,Male, like good men Bestride our down-fall'n birthdom: ,ethics,military,death,politics,,,
Macbeth,Tragedy,1606,William Shakespeare,"A4, S3",MACDUFF,Male,"new sorrows Strike heaven on the face, ",emotions,violence,religion,anatomy,,,
Macbeth,Tragedy,1606,William Shakespeare,"A4, S3",MACDUFF,Male,that it [sorrow] resounds As if it [heaven] felt with Scotland ,emotions,sounds,suffering,religion,politics,,
Macbeth,Tragedy,1606,William Shakespeare,"A4, S3",MACDUFF,Male,and [heaven] yell'd out Like syllable of dolour.,religion,sounds,language,suffering,,,
Macbeth,Tragedy,1606,William Shakespeare,"A4, S3",MALCOLM,Male,"what I can redress, As I shall find the time to friend, I will.",judiciary,discovering,time,social relations,,,
Macbeth,Tragedy,1606,William Shakespeare,"A4, S3",MALCOLM,Male,"This tyrant, whose sole name blisters our tongues,",politics,language,medicine,anatomy,,,
Macbeth,Tragedy,1606,William Shakespeare,"A4, S3",MALCOLM,Male,offer up a weak poor innocent lamb To appease an angry god.,devotion,physical attributes,judiciary,animals,emotions,religion,
Macbeth,Tragedy,1606,William Shakespeare,"A4, S3",MALCOLM,Male,"Though all things foul would wear the brows of grace, Yet grace must still look so.",ethics,clothes,anatomy,religion,appearance,,
Macbeth,Tragedy,1606,William Shakespeare,"A4, S3",MALCOLM,Male,strong knots of love,clothes,emotions,,,,,
Macbeth,Tragedy,1606,William Shakespeare,"A4, S3",MACDUFF,Male,"Bleed, bleed, poor country!",medicine,politics,,,,,
Macbeth,Tragedy,1606,William Shakespeare,"A4, S3",MACDUFF,Male,wear thou thy wrongs;,clothes ,ethics,,,,,
Macbeth,Tragedy,1606,William Shakespeare,"A4, S3",MACDUFF,Male," the whole space that's in the tyrant's grasp, And the rich East to boot.",spatial,politics,adhesion,economics,geography,,
Macbeth,Tragedy,1606,William Shakespeare,"A4, S3",MALCOLM,Male,I think our country sinks beneath the yoke; ,politics,consumption,agriculture,,,,
Macbeth,Tragedy,1606,William Shakespeare,"A4, S3",MALCOLM,Male,"It [our country] weeps, it bleeds; and each new day a gash Is added to her wounds:",politics,emotions,violence,time,injuries,,
Macbeth,Tragedy,1606,William Shakespeare,"A4, S3",MALCOLM,Male,hands uplifted in my right;,anatomy,spatial,politics,,,,
Macbeth,Tragedy,1606,William Shakespeare,"A4, S3",MALCOLM,Male,"the particulars of vice so grafted That, when they shall be open'd, black Macbeth [king] Will seem as pure as snow,",ethics,agriculture,spatial,colors,politics,cleaning,nature
Macbeth,Tragedy,1606,William Shakespeare,"A4, S3",MALCOLM,Male,"the poor state Esteem him [king] as a lamb, being compared With my confineless harms.",politics,animals,mental faculty & state,spatial,violence,,
Macbeth,Tragedy,1606,William Shakespeare,"A4, S3",MALCOLM,Male,"there's no bottom, none, In my voluptuousness: ",spatial,sexuality,,,,,
Macbeth,Tragedy,1606,William Shakespeare,"A4, S3",MALCOLM,Male,"Your wives, your daughters, Your matrons and your maids, could not fill up The cistern of my lust",matrimony,familial,women,social status,sexuality,food,
Macbeth,Tragedy,1606,William Shakespeare,"A4, S3",MACDUFF,Male,Boundless intemperance In nature is a tyranny; it hath been Th'untimely emptying of the happy throne And fall of many kings.,spatial,character traits & nature,politics,time,consumption,emotions,destruction
Macbeth,Tragedy,1606,William Shakespeare,"A4, S3",MACDUFF,Male,Convey your pleasures in a spacious plenty And yet seem cold. ,sexuality,spatial ,quantities,temperature,,,
Macbeth,Tragedy,1606,William Shakespeare,"A4, S3",MACDUFF,Male,The time you may so hoodwink.,time,concealment,,,,,
Macbeth,Tragedy,1606,William Shakespeare,"A4, S3",MACDUFF,Male,"We have willing dames enough: there cannot be That vulture in you, to devour so many",sexuality,women,animals,food,,,
Macbeth,Tragedy,1606,William Shakespeare,"A4, S3",MALCOLM,Male,my more-having would be as a sauce To make me hunger more that I should forge Quarrels unjust ,economics,food,deception,violence,ethics,,
Macbeth,Tragedy,1606,William Shakespeare,"A4, S3",MACDUFF,Male,"This avarice Sticks deeper, grows with more pernicious root Than summer-seeming lust, ",economics,violence,spatial,nature,destruction,sexuality,
Macbeth,Tragedy,1606,William Shakespeare,"A4, S3",MACDUFF,Male,and it [avarice] hath been The sword of our slain kings:,economics,weapons,violence,politics,,,
Macbeth,Tragedy,1606,William Shakespeare,"A4, S3",MACDUFF,Male,"all these [vices] are portable, With other graces weigh'd.",ethics,suffering,character traits & nature,weight,,,
Macbeth,Tragedy,1606,William Shakespeare,"A4, S3",MALCOLM,Male,"the king-becoming graces, [virtues] I have no relish of them,",politics,etiquette,character traits & nature,food,,,
Macbeth,Tragedy,1606,William Shakespeare,"A4, S3",MALCOLM,Male,"Pour the sweet milk of concord into hell, ",consumption,food,politics,religion,,,
Macbeth,Tragedy,1606,William Shakespeare,"A4, S3",MALCOLM,Male,"Uproar the universal peace, confound All unity on earth.",social unrest,politics,mental faculty & state,spatial,nature,,
Macbeth,Tragedy,1606,William Shakespeare,"A4, S3",MACDUFF,Male,"nation miserable, With an untitled tyrant bloody-scepter'd, When shalt thou see thy wholesome days again,",politics,suffering,social status,violence,sensations,medicine,time
Macbeth,Tragedy,1606,William Shakespeare,"A4, S3",MACDUFF,Male,"upon her [queen] knees than on her feet, Died every day she lived. ",politics,anatomy,death,time,life,,
Macbeth,Tragedy,1606,William Shakespeare,"A4, S3",MACDUFF,Male,These evils thou repeat'st upon thyself Have banish'd me from Scotland,ethics,language,politics,,,,
Macbeth,Tragedy,1606,William Shakespeare,"A4, S3",MACDUFF,Male,"O my breast, Thy hope ends here!",anatomy,emotions,destruction,,,,
Macbeth,Tragedy,1606,William Shakespeare,"A4, S3",MALCOLM,Male,"this noble passion, Child of integrity, ",character traits & nature,emotions,familial,ethics,,,
Macbeth,Tragedy,1606,William Shakespeare,"A4, S3",MALCOLM,Male,"[passion] hath from my soul Wiped the black scruples, ",emotions,religion,cleaning,colors,ethics,,
Macbeth,Tragedy,1606,William Shakespeare,"A4, S3",MALCOLM,Male,Devilish Macbeth [king] By many of these trains hath sought to win me Into his power,religion,politics,deception,,,,
Macbeth,Tragedy,1606,William Shakespeare,"A4, S3",MALCOLM,Male,modest wisdom plucks me From over-credulous haste,character traits & nature,violence,mental faculty & state,speed,,,
Macbeth,Tragedy,1606,William Shakespeare,"A4, S3",MALCOLM,Male,"abjure The taints and blames I laid upon myself, For strangers to my nature. ",judiciary,cleaning,social relations,character traits & nature,,,
Macbeth,Tragedy,1606,William Shakespeare,"A4, S3",MALCOLM,Male,the chance of goodness [victory] Be like our warranted quarrel!,luck,military,judiciary,violence,,,
Macbeth,Tragedy,1606,William Shakespeare,"A4, S3",MALCOLM,Male,Tis [disease] call'd the evil:,medicine,ethics,,,,,
Macbeth,Tragedy,1606,William Shakespeare,"A4, S3",MALCOLM,Male,"sundry blessings hang about his throne,",religion,adhesion,politics,,,,
Macbeth,Tragedy,1606,William Shakespeare,"A4, S3",ROSS,Male,poor country! Almost afraid to know itself. ,politics,emotions,mental faculty & state,,,,
Macbeth,Tragedy,1606,William Shakespeare,"A4, S3",ROSS,Male,"It [country] cannot Be call'd our mother, but our grave;",politics,language,familial,death,,,
Macbeth,Tragedy,1606,William Shakespeare,"A4, S3",ROSS,Male,sighs and groans and shrieks that rend the air,sounds,violence,nature,,,,
Macbeth,Tragedy,1606,William Shakespeare,"A4, S3",ROSS,Male,violent sorrow seems A modern ecstasy;,violence,emotions,time,mental faculty & state,,,
Macbeth,Tragedy,1606,William Shakespeare,"A4, S3",ROSS,Male,"good men's lives Expire before the flowers in their caps,",ethics,death,nature,clothes,,,
Macbeth,Tragedy,1606,William Shakespeare,"A4, S3",ROSS,Male,That [grief] of an hour's age doth hiss the speaker: Each minute teems a new one.,emotions,time,life's cycle,sounds,language,reproduction,
Macbeth,Tragedy,1606,William Shakespeare,"A4, S3",MACDUFF,Male,Be not a niggard of your speech:,economics,language,,,,,
Macbeth,Tragedy,1606,William Shakespeare,"A4, S3",ROSS,Male,"to transport the tidings, Which I have heavily borne",labor,language,weight,,,,
Macbeth,Tragedy,1606,William Shakespeare,"A4, S3",ROSS,Male,"your eye in Scotland Would create soldiers, ",anatomy,politics,military,,,,
Macbeth,Tragedy,1606,William Shakespeare,"A4, S3",ROSS,Male,make our women fight To doff their dire distresses.,women,violence,clothes,suffering,,,
Macbeth,Tragedy,1606,William Shakespeare,"A4, S3",MALCOLM,Male,gracious England hath Lent us good Siward and ten thousand men [soldiers];,politics,economics,quantities,military,,,
Macbeth,Tragedy,1606,William Shakespeare,"A4, S3",ROSS,Male,"I have words That would be howl'd out in the desert air, Where hearing should not latch them.",language,sounds,nature,sensations,adhesion,,
Macbeth,Tragedy,1606,William Shakespeare,"A4, S3",MACDUFF,Male,a fee-grief Due to some single breast.,economics,emotions,anatomy,,,,
Macbeth,Tragedy,1606,William Shakespeare,"A4, S3",ROSS,Male,"let not your ears despise my tongue for ever, ",resistance,anatomy,derision,time,,,
Macbeth,Tragedy,1606,William Shakespeare,"A4, S3",ROSS,Male,Which [tongue] shall possess them [ears] with the heaviest sound That ever yet they heard.,anatomy,adhesion,weight,sounds,time,sensations,
Macbeth,Tragedy,1606,William Shakespeare,"A4, S3",ROSS,Male,"to relate the manner [of death], Were, on the quarry of these murder'd deer, To add the death of you.",language,death,violence,animals,quantities,,
Macbeth,Tragedy,1606,William Shakespeare,"A4, S3",MALCOLM,Male,Give sorrow words,emotions,language,,,,,
Macbeth,Tragedy,1606,William Shakespeare,"A4, S3",MALCOLM,Male,The grief that does not speak Whispers the o'er-fraught heart and bids it break.,emotions,language,sounds,labor,anatomy,commands,destruction
Macbeth,Tragedy,1606,William Shakespeare,"A4, S3",MALCOLM,Male,"Let's make us medicines of our great revenge, To cure this deadly grief.",medicine,violence,death,emotions,,,
Macbeth,Tragedy,1606,William Shakespeare,"A4, S3",MACDUFF,Male,[king] hell-kite!,politics,religion,animals,,,,
Macbeth,Tragedy,1606,William Shakespeare,"A4, S3",MACDUFF,Male,all my [father] pretty chickens and their dam at one fell swoop?,familial,animals,violence,,,,
Macbeth,Tragedy,1606,William Shakespeare,"A4, S3",MALCOLM,Male,Dispute it [grief] like a man.,language,emotions,men,,,,
Macbeth,Tragedy,1606,William Shakespeare,"A4, S3",MALCOLM,Male,I must also feel it as a man.,emotions,men,,,,,
Macbeth,Tragedy,1606,William Shakespeare,"A4, S3",MACDUFF,Male,"Did heaven look on, And would not take their part?",religion,sensations,theatre,,,,
Macbeth,Tragedy,1606,William Shakespeare,"A4, S3",MALCOLM,Male,"Be this the whetstone of your sword: let grief Convert to anger; blunt not the heart, enrage it.",weapons,emotions,transformation,anatomy,consumption,,
Macbeth,Tragedy,1606,William Shakespeare,"A4, S3",MACDUFF,Male,I could play the woman with mine eyes And braggart with my tongue!,theatre,women ,anatomy,language,,,
Macbeth,Tragedy,1606,William Shakespeare,"A4, S3",MACDUFF,Male,"gentle heavens, Cut short all intermission. ",religion,violence,time,,,,
Macbeth,Tragedy,1606,William Shakespeare,"A4, S3",MACDUFF,Male,this fiend of Scotland and myself; ,religion,politics,,,,,
Macbeth,Tragedy,1606,William Shakespeare,"A4, S3",MALCOLM,Male,This time goes manly.,time,men,,,,,
Macbeth,Tragedy,1606,William Shakespeare,"A4, S3",MALCOLM,Male,Macbeth Is ripe for shaking.,politics,agriculture,violence,,,,
Macbeth,Tragedy,1606,William Shakespeare,"A5, S1",Gentlewoman,Female,their [eyes] sense are shut.,anatomy,sensations,hindrance,,,,
Macbeth,Tragedy,1606,William Shakespeare,"A5, S1",LADY MACBETH,Female,all the perfumes of Arabia will not sweeten this little hand.,sensations,geography,anatomy,,,,
Macbeth,Tragedy,1606,William Shakespeare,"A5, S1",Doctor,Male,The heart is sorely charged.,anatomy,suffering,labor,,,,
Macbeth,Tragedy,1606,William Shakespeare,"A5, S1",Gentlewoman,Female,I would not have such a heart in my bosom for the dignity of the whole body.,anatomy,character traits & nature,,,,,
Macbeth,Tragedy,1606,William Shakespeare,"A5, S1",Doctor,Male,unnatural deeds Do breed unnatural troubles:,nature,physical activities,reproduction,suffering,,,
Macbeth,Tragedy,1606,William Shakespeare,"A5, S1",Doctor,Male,infected minds to their deaf pillows wil discharge their secrets,medicine,mental faculty & state,deformities,sleep,privation,concealment,
Macbeth,Tragedy,1606,William Shakespeare,"A5, S2",MENTEITH,Male,Revenges burn in them;,violence,light,,,,,
Macbeth,Tragedy,1606,William Shakespeare,"A5, S2",MENTEITH,Male,dear causes Would to the bleeding and the grim alarm Excite the mortified man [soldiers].,politics,injuries,military,sleep,death,,
Macbeth,Tragedy,1606,William Shakespeare,"A5, S2",CAITHNESS,Male,He cannot buckle his distempered cause Within the belt of rule.,clothes,medicine,politics,,,,
Macbeth,Tragedy,1606,William Shakespeare,"A5, S2",ANGUS,Male,His secret murders sticking on his hands;,concealment,violence,adhesion,anatomy,,,
Macbeth,Tragedy,1606,William Shakespeare,"A5, S2",ANGUS,Male,"his title Hang loose about him, like a giant's robe Upon a dwarfish thief.",politics,adhesion,clothes,deformities,economics,,
Macbeth,Tragedy,1606,William Shakespeare,"A5, S2",MENTEITH,Male,"Who then shall blame His pester'd senses to recoil and start, When all that is within him does condemn Itself for being there?",judiciary,sensations,emotions,spatial,,,
Macbeth,Tragedy,1606,William Shakespeare,"A5, S2",CAITHNESS,Male,"Meet we [soldiers] the medicine of the sickly weal, And with him pour we in our country's purge Each drop of us.",military,medicine,politics,death,,,
Macbeth,Tragedy,1606,William Shakespeare,"A5, S2",LENNOX,Male,To dew the sovereign flower and drown the weeds.,nature,politics,violence,agriculture,,,
Macbeth,Tragedy,1606,William Shakespeare,"A5, S3",MACBETH,Male,"The mind I sway by, and the heart I bear, Shall never sag with doubt, nor shake with fear.",mental faculty & state,politics,anatomy,labor,consumption,violence,emotions
Macbeth,Tragedy,1606,William Shakespeare,"A5, S3",MACBETH,Male,"The devil damn thee black, ",religion,colors,,,,,
Macbeth,Tragedy,1606,William Shakespeare,"A5, S3",MACBETH,Male,thou cream-faced loon! ,food,anatomy,social status,,,,
Macbeth,Tragedy,1606,William Shakespeare,"A5, S3",MACBETH,Male,Where got'st thou that goose look?,animals,facial expressions,,,,,
Macbeth,Tragedy,1606,William Shakespeare,"A5, S3",MACBETH,Male,"Geese, villain!",animals,ethics,,,,,
Macbeth,Tragedy,1606,William Shakespeare,"A5, S3",MACBETH,Male,"Go prick thy face, and over-red thy fear, ",violence,anatomy,colors,emotions,,,
Macbeth,Tragedy,1606,William Shakespeare,"A5, S3",MACBETH,Male,Thou lily-liver'd boy. ,nature,anatomy,life's cycle,,,,
Macbeth,Tragedy,1606,William Shakespeare,"A5, S3",MACBETH,Male,those linen cheeks of thine Are counsellors to fear. ,clothes,anatomy,politics,emotions,,,
Macbeth,Tragedy,1606,William Shakespeare,"A5, S3",MACBETH,Male,whey-face.,food,anatomy,,,,,
Macbeth,Tragedy,1606,William Shakespeare,"A5, S3",MACBETH,Male,I am sick at heart,medicine,anatomy,,,,,
Macbeth,Tragedy,1606,William Shakespeare,"A5, S3",MACBETH,Male,"my way of life Is fall'n into the sere, the yellow leaf,",spatial,life,destruction,nature,colors,,
Macbeth,Tragedy,1606,William Shakespeare,"A5, S3",MACBETH,Male,"mouth-honour, breath Which the poor heart would fain deny, ",anatomy,recognition,breathing,feelings,privation,,
Macbeth,Tragedy,1606,William Shakespeare,"A5, S3",MACBETH,Male,I'll fight till from my bones my flesh be hack'd.,violence,anatomy,,,,,
Macbeth,Tragedy,1606,William Shakespeare,"A5, S3",MACBETH,Male,"Pluck from the memory a rooted sorrow,",agriculture,mental faculty & state,emotions,,,,
Macbeth,Tragedy,1606,William Shakespeare,"A5, S3",MACBETH,Male,Raze out the written troubles of the brain,language,suffering,anatomy,,,,
Macbeth,Tragedy,1606,William Shakespeare,"A5, S3",MACBETH,Male,with some sweet oblivious antidote Cleanse the stuffed bosom of that perilous stuff Which weighs upon the heart,mental faculty & state,medicine,hindrance,anatomy,danger,weight,
Macbeth,Tragedy,1606,William Shakespeare,"A5, S3",MACBETH,Male,Throw physic to the dogs,food,medicine,animals,,,,
Macbeth,Tragedy,1606,William Shakespeare,"A5, S3",MACBETH,Male,"cast The water of my land, find her disease, And purge it to a sound and pristine health,",nature,geography,medicine,,,,
Macbeth,Tragedy,1606,William Shakespeare,"A5, S3",MACBETH,Male,"I would applaud thee [doctor] to the very echo, that should applaud again",recognition,medicine,sounds,,,,
Macbeth,Tragedy,1606,William Shakespeare,"A5, S3",MACBETH,Male,"What rhubarb, senne, or what purgative drug, Would scour these English [soldiers] hence?",medicine,military,,,,,
Macbeth,Tragedy,1606,William Shakespeare,"A5, S4",MALCOLM,Male,none serve with him but constrained things Whose hearts are absent too.,social relations,incarceration,anatomy,privation,,,
Macbeth,Tragedy,1606,William Shakespeare,"A5, S4",SIWARD,Male,"Thoughts speculative their unsure hopes relate, ",mental faculty & state,feelings,emotions,language,,,
Macbeth,Tragedy,1606,William Shakespeare,"A5, S4",SIWARD,Male,But certain issue strokes must arbitrate:,mental faculty & state,violence,judiciary,,,,
Macbeth,Tragedy,1606,William Shakespeare,"A5, S5",MACBETH,Male,our castle's strength Will laugh a siege to scorn:,architecture,physical attributes,derision,military,,,
Macbeth,Tragedy,1606,William Shakespeare,"A5, S5",MACBETH,Male,famine and the ague eat them up [enemies]:,food,medicine,military,,,,
Macbeth,Tragedy,1606,William Shakespeare,"A5, S5",MACBETH,Male,"beard to beard, And beat them",anatomy,violence,,,,,
Macbeth,Tragedy,1606,William Shakespeare,"A5, S5",MACBETH,Male,the taste of fears;,food,emotions,,,,,
Macbeth,Tragedy,1606,William Shakespeare,"A5, S5",MACBETH,Male,my senses would have cooled To hear a night-shriek;,sensations,temperature,darkness,sounds,,,
Macbeth,Tragedy,1606,William Shakespeare,"A5, S5",MACBETH,Male,my fell of hair Would at a dismal treatise rouse and stir As life were in't:,anatomy,feelings,language,movement,life,,
Macbeth,Tragedy,1606,William Shakespeare,"A5, S5",MACBETH,Male,I have supp'd full with horrors;,food,emotions,,,,,
Macbeth,Tragedy,1606,William Shakespeare,"A5, S5",MACBETH,Male,"to-morrow, Creeps in this petty pace from day to day To the last syllable of recorded time.",time,movement,language,,,,
Macbeth,Tragedy,1606,William Shakespeare,"A5, S5",MACBETH,Male,all our yesterdays have lighted fools The way to dusty death. ,time,light,theatre,spatial ,death,,
Macbeth,Tragedy,1606,William Shakespeare,"A5, S5",MACBETH,Male,"Life's but a walking shadow, ",life,movement,darkness,,,,
Macbeth,Tragedy,1606,William Shakespeare,"A5, S5",MACBETH,Male,[life is] a poor player That struts and frets his hour upon the stage And then is heard no more: ,life,theatre,movement,language,time,sensations,
Macbeth,Tragedy,1606,William Shakespeare,"A5, S5",MACBETH,Male,"it is a tale Told by an idiot, full of sound and fury, Signifying nothing.",language,mental faculty & state,sounds,emotions,privation,,
Macbeth,Tragedy,1606,William Shakespeare,"A5, S5",MACBETH,Male,Liar and slave!,language,social status,,,,,
Macbeth,Tragedy,1606,William Shakespeare,"A5, S5",MACBETH,Male,I pull in resolution,equestrian ,mental faculty & state,,,,,
Macbeth,Tragedy,1606,William Shakespeare,"A5, S5",MACBETH,Male, the fiend That lies like truth:,religion,language,,,,,
Macbeth,Tragedy,1606,William Shakespeare,"A5, S5",MACBETH,Male,"I gin to be aweary of the sun, ",mental faculty & state,nature,,,,,
Macbeth,Tragedy,1606,William Shakespeare,"A5, S5",MACBETH,Male,"Blow, wind, come wrack, ",nature,destruction,,,,,
Macbeth,Tragedy,1606,William Shakespeare,"A5, S6",MACDUFF,Male,our trumpets speak; those clamorous harbingers of blood and death.,music,language,sounds,social status,violence,death,
Macbeth,Tragedy,1606,William Shakespeare,"A5, S7",MACBETH,Male,"They have tied me to a stake; I cannot fly, But, bear-like, I must fight the course.",incarceration,danger,animals,violence,games & sport,,
Macbeth,Tragedy,1606,William Shakespeare,"A5, S7",YOUNG SIWARD,Male,a hotter name Than any is in hell.,temperature,language,religion,,,,
Macbeth,Tragedy,1606,William Shakespeare,"A5, S7",YOUNG SIWARD,Male,The devil himself could not pronounce a title More hateful to mine ear.,religion,language,social status,emotions,anatomy,,
Macbeth,Tragedy,1606,William Shakespeare,"A5, S7",YOUNG SIWARD,Male,with my sword I'll prove the lie thou speak'st.,weapons,judiciary,language,,,,
Macbeth,Tragedy,1606,William Shakespeare,"A5, S7",SIWARD,Male,"The day almost itself professes yours [your victory],",time,language,military,,,,
Macbeth,Tragedy,1606,William Shakespeare,"A5, S8",MACBETH,Male,"Why should I play the Roman fool, and die On mine own sword?",theatre,ethnicity,mental faculty & state,death,weapons,,
Macbeth,Tragedy,1606,William Shakespeare,"A5, S8",MACDUFF,Male,[king] hell-hound,politics,religion,animals,,,,
Macbeth,Tragedy,1606,William Shakespeare,"A5, S8",MACBETH,Male,my soul is too much charged With blood ,religion,quantities,judiciary,anatomy,,,
Macbeth,Tragedy,1606,William Shakespeare,"A5, S8",MACDUFF,Male,I have no words: My voice is in my sword,language,sounds,weapons,,,,
Macbeth,Tragedy,1606,William Shakespeare,"A5, S8",MACDUFF,Male,thou bloodier villain Than terms ,violence,ethics,language,,,,
Macbeth,Tragedy,1606,William Shakespeare,"A5, S8",MACBETH,Male,Thou losest labour: As easy mayst thou the intrenchant air With thy keen sword impress as make me bleed:,privation,labor,appearamce,nature,weapons,injuries,
Macbeth,Tragedy,1606,William Shakespeare,"A5, S8",MACBETH,Male,"Accursed be that tongue that tells me so, For it hath cowed my better part of man!",religion,anatomy,language,emotions,character traits & nature,men,
Macbeth,Tragedy,1606,William Shakespeare,"A5, S8",MACBETH,Male,"be these juggling fiends no more believed, That palter with us in a double sense; ",theatre,religion,mental faculty & state,language,quantities,,
Macbeth,Tragedy,1606,William Shakespeare,"A5, S8",MACDUFF,Male,"live to be the show and gaze o' the time: We'll have thee, as our rarer monsters are, Painted on a pole, and underwrit, 'Here may you see the tyrant.'",life,theatre,time,deformities,art,language,politics
Macbeth,Tragedy,1606,William Shakespeare,"A5, S8",MACBETH,Male,"I will not yield, To kiss the ground before young Malcolm's [traitor] feet, ",social relations,affection,nature,politics,anatomy,,
Macbeth,Tragedy,1606,William Shakespeare,"A5, S8",MACBETH,Male,And to be baited with the rabble's curse.,animals,social status,language,,,,
Macbeth,Tragedy,1606,William Shakespeare,"A5, S9",SIWARD,Male,So great a day as this is cheaply bought.,time,economics ,,,,,
Macbeth,Tragedy,1606,William Shakespeare,"A5, S9",ROSS,Male,paid a soldier's debt:,economics,military,,,,,
Macbeth,Tragedy,1606,William Shakespeare,"A5, S9",ROSS,Male,"where he fought, But like a man he died.",violence,men,death,,,,
Macbeth,Tragedy,1606,William Shakespeare,"A5, S9",ROSS,Male,"your cause of sorrow Must not be measured by his worth, ",mental faculty & state,emotions,size,economics ,,,
Macbeth,Tragedy,1606,William Shakespeare,"A5, S9",SIWARD,Male,"Had I as many sons as I have hairs, ",quantities,familial,anatomy,,,,
Macbeth,Tragedy,1606,William Shakespeare,"A5, S9",SIWARD,Male,"I would not wish them to a fairer death: And so, his knell is knoll'd.",mental faculty & state,appearance,death,music,,,
Macbeth,Tragedy,1606,William Shakespeare,"A5, S9",MALCOLM,Male,"He's worth more sorrow, And that I'll spend for him.",economics,quantities,emotions,,,,
Macbeth,Tragedy,1606,William Shakespeare,"A5, S9",SIWARD,Male,He's worth no more; They say he parted well and paid his score:,economics,quantities,death,,,,
Macbeth,Tragedy,1606,William Shakespeare,"A5, S9",MACDUFF,Male,the time is free:,time,social relations,,,,,
Macbeth,Tragedy,1606,William Shakespeare,"A5, S9",MACDUFF,Male,"compass'd with thy kingdom's pearl,",spatial,politics,economics,,,,
Macbeth,Tragedy,1606,William Shakespeare,"A5, S9",MALCOLM,Male,"We shall not spend a large expense of time Before we reckon with your several loves,",economics,quantities,time,devotion,,,
Macbeth,Tragedy,1606,William Shakespeare,"A5, S9",MALCOLM,Male,"to do [rule], Which would be planted newly with the time,",politics,agriculture,time,,,,
Macbeth,Tragedy,1606,William Shakespeare,"A5, S9",MALCOLM,Male,"our exiled friends abroad, That fled the snares of watchful tyranny;",social relations,geography,danger,hunting,politics,,
Macbeth,Tragedy,1606,William Shakespeare,"A5, S9",MALCOLM,Male,and his fiend-like queen.,religion,politics,,,,,
