Play,Genre,Year,Playwright,Act and Scene,Character ,Gender ,Fragment,Topic 1,Topic 2,Topic 3,Topic 4,Topic 5,Topic 6,Topic 7
The Atheist's Tragedy,Tragedy,1610,Cyril Tourneur,"A 1, S 1",D'amuille,Male,"Borachio, thou art read In Nature and her large Philosophie.",,,,,,,
The Atheist's Tragedy,Tragedy,1610,Cyril Tourneur,"A 1, S 1",D'amuille,Male,But where that fauour of his Nature is Not full and free; ,,,,,,,
,,,,,,,"you see a man becomes A foole, as little-knowing as a beast.",,,,,,,
The Atheist's Tragedy,Tragedy,1610,Cyril Tourneur,"A 1, S 1",D'amuille,Male,Then if Death casts vp Our totall summe of ioy and happinesse;,,,,,,,
The Atheist's Tragedy,Tragedy,1610,Cyril Tourneur,"A 1, S 1",D'amuille,Male,"Let me haue all my sences feasted in Th'abundant fulnesse of delight at once,",,,,,,,
The Atheist's Tragedy,Tragedy,1610,Cyril Tourneur,"A 1, S 1",D'amuille,Male,with a sweet insensible increase Of pleasing surfet melt into my dust.,,,,,,,
The Atheist's Tragedy,Tragedy,1610,Cyril Tourneur,"A 1, S 1",Borachio,Male,"to die so soon? and if our time runnes home vnto the length Of Nature,",,,,,,,
The Atheist's Tragedy,Tragedy,1610,Cyril Tourneur,"A 1, S 1",D'amuille,Male,pleasure onely flowes Vpon the streame of riches.,,,,,,,
The Atheist's Tragedy,Tragedy,1610,Cyril Tourneur,"A 1, S 1",Borachio,Male,Wealth is Lord Of all felicitie.,,,,,,,
The Atheist's Tragedy,Tragedy,1610,Cyril Tourneur,"A 1, S 1",D'amuille,Male,"Had not my Body spredde it selfe Into posteritie; perhaps I should Desire no more increase of substance, then Would hold proportion with mine owne dimentions.",,,,,,,
The Atheist's Tragedy,Tragedy,1610,Cyril Tourneur,"A 1, S 1",D'amuille,Male,"those accidents, the least whereof May robbe him of an ages husbandry?",,,,,,,
The Atheist's Tragedy,Tragedy,1610,Cyril Tourneur,"A 1, S 1",D'amuille,Male,"And for my children; they are as neere to me, As branches to the tree whereon they grow; And may as numerously be multiplied.",,,,,,,
The Atheist's Tragedy,Tragedy,1610,Cyril Tourneur,"A 1, S 1",D'amuille,Male,"from my substance they [my children] receiue the sap, Whereby they liue and flowrish.",,,,,,,
The Atheist's Tragedy,Tragedy,1610,Cyril Tourneur,"A 1, S 1",D'amuille,Male,How deiectedly The baser Spirit of our present time Hath cast it selfe below the ancient worth Of our forefathers!,,,,,,,
The Atheist's Tragedy,Tragedy,1610,Cyril Tourneur,"A 1, S 1",D'amuille,Male,"the scorne of their [the troops' leaders] discourse, Turnes smiling backe vpon your backewardnesse.",,,,,,,
The Atheist's Tragedy,Tragedy,1610,Cyril Tourneur,"A 1, S 1",Charlemont,Male,"To curbe me, hee denyes me maintenance To put me in the habite of my ranque.",,,,,,,
The Atheist's Tragedy,Tragedy,1610,Cyril Tourneur,"A 1, S 1",Charlemont,Male,"Vnbinde me from that strong necessitie,",,,,,,,
The Atheist's Tragedy,Tragedy,1610,Cyril Tourneur,"A 1, S 1",D'amuille,Male,I'de disinherite my posteritie To purchase honour.,,,,,,,
The Atheist's Tragedy,Tragedy,1610,Cyril Tourneur,"A 1, S 1",D'amuille,Male,T'is [honour] an interest I prize aboue the principall of wealth.,,,,,,,
The Atheist's Tragedy,Tragedy,1610,Cyril Tourneur,"A 1, S 1",D'amuille,Male,my substance shall vnlocke It selfe to serue you.,,,,,,,
The Atheist's Tragedy,Tragedy,1610,Cyril Tourneur,"A 1, S 1",Borachio,Male,"the pregnant wit of Man, might make The happy absence of this Charlemont, A subiect for commodious prouidence.",,,,,,,
The Atheist's Tragedy,Tragedy,1610,Cyril Tourneur,"A 1, S 1",D'amuille,Male,And my heart [bounded by your resolution] to thee.,,,,,,,
The Atheist's Tragedy,Tragedy,1610,Cyril Tourneur,"A 1, S 1",D'amuille,Male,"Here are my Sonnes, There's my eternitie. My life in them;",,,,,,,
The Atheist's Tragedy,Tragedy,1610,Cyril Tourneur,"A 1, S 1",D'amuille,Male,their [my sons] succession shall for euer liue.,,,,,,,
The Atheist's Tragedy,Tragedy,1610,Cyril Tourneur,"A 1, S 1",D'amuille,Male,"And in my reason dwels the prouidence, To adde to life as much of happinesse.",,,,,,,
The Atheist's Tragedy,Tragedy,1610,Cyril Tourneur,"A 1, S 1",D'amuille,Male,"Let all men lose, so I increase my gaine, I haue no feeling of anothers paine.",,,,,,,
The Atheist's Tragedy,Tragedy,1610,Cyril Tourneur,"A 1, S 2",Monteferrers,Male,"let this current of my teares, Diuert thy inclination from the warre.",,,,,,,
The Atheist's Tragedy,Tragedy,1610,Cyril Tourneur,"A 1, S 2",Charlemont,Male,"The weakest sigh you breath, hath power to turne My strongest purpose;",,,,,,,
The Atheist's Tragedy,Tragedy,1610,Cyril Tourneur,"A 1, S 2",Charlemont,Male,your [the father's] softest teare To melt my resolution to as soft Obedience. ,,,,,,,
The Atheist's Tragedy,Tragedy,1610,Cyril Tourneur,"A 1, S 2",Charlemont,Male,"But my affection to the warre, Is as heriditary as my bloud To eu'ry life of all my ancestry.",,,,,,,
The Atheist's Tragedy,Tragedy,1610,Cyril Tourneur,"A 1, S 2",Charlemont,Male,"Shall I serue For nothing but a vaine Parenthesis, I'th'honour'd story of your Familie?",,,,,,,
The Atheist's Tragedy,Tragedy,1610,Cyril Tourneur,"A 1, S 2",Charlemont,Male,"hang but like an emptie Scutcheon, Betweene the trophee's of my predecessours. And the rich Armes of my posteritie?",,,,,,,
The Atheist's Tragedy,Tragedy,1610,Cyril Tourneur,"A 1, S 2",Charlemont,Male,"Onely Charlemont Must be reputed that same heartlesse thing, That Cowards will be bold to play vpon.",,,,,,,
The Atheist's Tragedy,Tragedy,1610,Cyril Tourneur,"A 1, S 2",D'amuille,Male,ha'you wash'd your eyes wi'teares this morning?,,,,,,,
The Atheist's Tragedy,Tragedy,1610,Cyril Tourneur,"A 1, S 2",D'amuille,Male,"Your tendernesse disswades him. What to the Father of a Gentleman, Should be more tender then the maintenance And the increase of honour to his house?",,,,,,,
The Atheist's Tragedy,Tragedy,1610,Cyril Tourneur,"A 1, S 2",D'amuille,Male,"eu'n the time, place, manner of our deathes, Doe follow Fate with that necessitie That makes vs sure to dye.",,,,,,,
The Atheist's Tragedy,Tragedy,1610,Cyril Tourneur,"A 1, S 2",Belforest,Male,Accomplements are more for ornament Than vse.,,,,,,,
The Atheist's Tragedy,Tragedy,1610,Cyril Tourneur,"A 1, S 2",Charlemont,Male,"this accomplement Is like an elegant and mouing speech, Compos'd of many sweete perswasiue points, Which second one onother, with a fluent Increase, and confirmation of their force,",,,,,,,
The Atheist's Tragedy,Tragedy,1610,Cyril Tourneur,"A 1, S 2",Charlemont,Male,"Reseruing still the best vntill the last, To crowne the strong impulsion of the rest With a full conquest of the hearers sense:",,,,,,,
The Atheist's Tragedy,Tragedy,1610,Cyril Tourneur,"A 1, S 2",Charlemont,Male,"you (deare Mistresse) being the last and best That speakes my farewell; like th'imperious cloze Of a most sweete Oration, wholy haue Possess'd my liking, and shall euer liue Within the soule of my true memory.",,,,,,,
The Atheist's Tragedy,Tragedy,1610,Cyril Tourneur,"A 1, S 2",Castabella,Female,T'was [a kiss] not meant to separate A paire of Louers; but to be the seale Of Loue;,,,,,,,
The Atheist's Tragedy,Tragedy,1610,Cyril Tourneur,"A 1, S 2",Castabella,Female,"importing by the ioyning of Our mutuall and incorporated breathes, That we should breath but one contracted life.",,,,,,,
The Atheist's Tragedy,Tragedy,1610,Cyril Tourneur,"A 1, S 2",Languebau,Male,"I salute you both with the spirit of copulation, ",,,,,,,
The Atheist's Tragedy,Tragedy,1610,Cyril Tourneur,"A 1, S 2",Castabella,Female,"when a certaine great man went to th'warre, The louely face of heau'n was masqu'd with sorrow,",,,,,,,
The Atheist's Tragedy,Tragedy,1610,Cyril Tourneur,"A 1, S 2",Castabella,Female,"[when a certaine great man went to th'warre] The sighing windes did moue the breast of earth,",,,,,,,
The Atheist's Tragedy,Tragedy,1610,Cyril Tourneur,"A 1, S 2",Castabella,Female,"The heauie cloudes hung downe their mourning heads, And wept sad showers the day that hee [the great man] went hence [to war[, As if that day presag'd some ill successe, That fatallie should kill his happinesse;",,,,,,,
The Atheist's Tragedy,Tragedy,1610,Cyril Tourneur,"A 1, S 2",Castabella,Female,"Me thinkes my eyes (Sweet Heau'n forbid) are like those weeping cloudes, And as their showers presag'd so doe my teares, Some sad euent will follow my sad feares.",,,,,,,
The Atheist's Tragedy,Tragedy,1610,Cyril Tourneur,"A 1, S 2",Sebastian,Male,"what is't but a Rape to force a wench to marry, ",,,,,,,
The Atheist's Tragedy,Tragedy,1610,Cyril Tourneur,"A 1, S 2",Castabella,Female,May all my feares hurt me no more then this [a kiss].,,,,,,,
The Atheist's Tragedy,Tragedy,1610,Cyril Tourneur,"A 1, S 2",Levidulcia,Female,A lustie bloud!,,,,,,,
The Atheist's Tragedy,Tragedy,1610,Cyril Tourneur,"A 1, S 2",Levidulcia,Female,by the lip of Loue,,,,,,,
The Atheist's Tragedy,Tragedy,1610,Cyril Tourneur,"A 1, S 2",Charlemont,Male,Her power to speake is perish'd in her teares.,,,,,,,
The Atheist's Tragedy,Tragedy,1610,Cyril Tourneur,"A 1, S 2",Languebau,Male,"this [the comliments] worshipping kinde of entertainment, is a superstitious vanitie; ",,,,,,,
The Atheist's Tragedy,Tragedy,1610,Cyril Tourneur,"A 1, S 2",D'amuille,Male,I embrace your disposition,,,,,,,
The Atheist's Tragedy,Tragedy,1610,Cyril Tourneur,"A 1, S 2",D'amuille,Male,In the behauiour of his noble daughter Castabella a man may read her worth and your instruction.,,,,,,,
The Atheist's Tragedy,Tragedy,1610,Cyril Tourneur,"A 1, S 2",D'amuille,Male,You haue giuen me her picture in small [through language],,,,,,,
The Atheist's Tragedy,Tragedy,1610,Cyril Tourneur,"A 1, S 2",Languebau,Male,Shee's like your Dyamond,,,,,,,
The Atheist's Tragedy,Tragedy,1610,Cyril Tourneur,"A 1, S 2",Languebau,Male,Prophane not your lippes with the foulnesse of that sinne [swearing],,,,,,,
The Atheist's Tragedy,Tragedy,1610,Cyril Tourneur,"A 1, S 2",Languebau,Male,my praise came short of her worth. Shee exceedes a Iewell. This is but onely for ornament; Shee both for ornament and vse. ,,,,,,,
The Atheist's Tragedy,Tragedy,1610,Cyril Tourneur,"A 1, S 2",D'amuille,Male,"Yet vnprofitably kept without vse. Shee deserues a worthy Husband, Sir. ",,,,,,,
The Atheist's Tragedy,Tragedy,1610,Cyril Tourneur,"A 1, S 2",Languebau,Male,thy gratuitie and my promises were both but words; and both like words shall vanish into ayre.,,,,,,,
The Atheist's Tragedy,Tragedy,1610,Cyril Tourneur,"A 1, S 2",D'amuille,Male,"compare's profession with his life; They so directly contradict themselues, As if the end of his instructions were But to diuert the world from sinne, that hee More easily might ingrosse it to himselfe.",,,,,,,
The Atheist's Tragedy,Tragedy,1610,Cyril Tourneur,"A 1, S 2",D'amuille,Male,His absence the foundation of my plot.,,,,,,,
The Atheist's Tragedy,Tragedy,1610,Cyril Tourneur,"A 1, S 2",D'amuille,Male,To draw his inclination out o'th'way.,,,,,,,
The Atheist's Tragedy,Tragedy,1610,Cyril Tourneur,"A 1, S 2",Borachio,Male,T'has left the passage of our practise free.,,,,,,,
The Atheist's Tragedy,Tragedy,1610,Cyril Tourneur,"A 1, S 2",D'amuille,Male,That [profitable policie] it would make the soule of honestie Ambitious to turne villaine.,,,,,,,
The Atheist's Tragedy,Tragedy,1610,Cyril Tourneur,"A 1, S 2",D'amuille,Male,No man shall rob thee of the honour.,,,,,,,
The Atheist's Tragedy,Tragedy,1610,Cyril Tourneur,"A 1, S 3",Rousard,Male,The gray eie'd Morning makes the fairest day.,,,,,,,
The Atheist's Tragedy,Tragedy,1610,Cyril Tourneur,"A 1, S 3",Rousard,Male,[love you] With all my hart.,,,,,,,
The Atheist's Tragedy,Tragedy,1610,Cyril Tourneur,"A 1, S 3",Castabella,Female,"Then with all my hart, Ile giue you a Iewell to hang in your eare, —Harke yee—I can neuer loue you.",,,,,,,
The Atheist's Tragedy,Tragedy,1610,Cyril Tourneur,"A 1, S 3",Rousard,Male,Call you this [doesn't love him] a Iewell to hang in mine eare? ,,,,,,,
The Atheist's Tragedy,Tragedy,1610,Cyril Tourneur,"A 1, S 3",Rousard,Male,"T'is [doesn't love him] no light fauour, for Ile be sworne it comes somewhat heauily to mee. ",,,,,,,
The Atheist's Tragedy,Tragedy,1610,Cyril Tourneur,"A 1, S 4",Belforest,Male,Her soft excuses sauour'd at the first (Me thought) but of a modest innocence Of bloud; whose vnmoou'd streame was neuer drawne Into the current of affection.,,,,,,,
The Atheist's Tragedy,Tragedy,1610,Cyril Tourneur,"A 1, S 4",Belforest,Male,"Her modest blush fell to a pale dislike,",,,,,,,
The Atheist's Tragedy,Tragedy,1610,Cyril Tourneur,"A 1, S 4",Castabella,Female,now so strong a hand seekes to diuide [the love contract]:,,,,,,,
The Atheist's Tragedy,Tragedy,1610,Cyril Tourneur,"A 1, S 4",Castabella,Female,I know your heart cannot prophane The holinesse you make profession of;,,,,,,,
The Atheist's Tragedy,Tragedy,1610,Cyril Tourneur,"A 1, S 4",Languebau,Male,"with a purpose so contracted to that absence, that you see hee purchases your separation with the hazard of his bloud and life; ",,,,,,,
The Atheist's Tragedy,Tragedy,1610,Cyril Tourneur,"A 1, S 4",Languebau,Male,T'is rather hate that doth diuision moue; ,,,,,,,
The Atheist's Tragedy,Tragedy,1610,Cyril Tourneur,"A 1, S 4",Languebau,Male,"Loue still desires the presence of his Loue. —Verily, hee is not of the Familie of Loue.",,,,,,,
The Atheist's Tragedy,Tragedy,1610,Cyril Tourneur,"A 1, S 4",Castabella,Female,gentle loue and noble courage are So neare allyed; that one begets another:,,,,,,,
The Atheist's Tragedy,Tragedy,1610,Cyril Tourneur,"A 1, S 4",Castabella,Female,"Loue is Sister, and Courage is the Brother.",,,,,,,
The Atheist's Tragedy,Tragedy,1610,Cyril Tourneur,"A 1, S 4",Castabella,Female,"Could I affect him better then before, His Souldiers heart would make me loue him more.",,,,,,,
The Atheist's Tragedy,Tragedy,1610,Cyril Tourneur,"A 1, S 4",Levidulcia,Female,"you mistake the way into a woman, The passage lyes not through her reason, but her bloud.",,,,,,,
The Atheist's Tragedy,Tragedy,1610,Cyril Tourneur,"A 1, S 4",Levidulcia,Female,"Nature the louing mother of vs all, Brought forth a woman for her owne reliefe, By generation to reuiue her age.",,,,,,,
The Atheist's Tragedy,Tragedy,1610,Cyril Tourneur,"A 1, S 4",Levidulcia,Female,"Preferr'st th' affection of an absent Loue, Before the sweet possession of a man; The barren minde before the fruitfull body;",,,,,,,
The Atheist's Tragedy,Tragedy,1610,Cyril Tourneur,"A 1, S 4",Levidulcia,Female,(vnlesse Our children can be gotten by conceit) Must from the body come.,,,,,,,
The Atheist's Tragedy,Tragedy,1610,Cyril Tourneur,"A 1, S 4",Levidulcia,Female,"If Reason were Our counsellour, wee would neglect the worke Of generation, for the prodigall Expence it drawes vs to of that which is The wealth of life.",,,,,,,
The Atheist's Tragedy,Tragedy,1610,Cyril Tourneur,"A 1, S 4",Levidulcia,Female,"Wise Nature (therefore) hath Reseru'd for an inducement to our sence, Our greatest pleasure in that greatest worke.",,,,,,,
The Atheist's Tragedy,Tragedy,1610,Cyril Tourneur,"A 1, S 4",Levidulcia,Female,An absent man Whose bloud once spent i'th'warre; ,,,,,,,
The Atheist's Tragedy,Tragedy,1610,Cyril Tourneur,"A 1, S 4",Levidulcia,Female,"he'l [soldier] come home, sicke, lame and impotent; And wed thee to a torment; like the paine Of Tantalus, continuing thy desire, With fruitlesse presentation of the thing It loues;",,,,,,,
The Atheist's Tragedy,Tragedy,1610,Cyril Tourneur,"A 1, S 4",Levidulcia,Female,"Yet if shee were my very flesh and bloud, I could aduise no better for good.",,,,,,,
The Atheist's Tragedy,Tragedy,1610,Cyril Tourneur,"A 1, S 4",Rousard,Male,Thy ioyfull husband thus salutes Thy cheeke.,,,,,,,
The Atheist's Tragedy,Tragedy,1610,Cyril Tourneur,"A 1, S 4",Castabella,Female,your puritie Professes a diuine contempt o'th'world;,,,,,,,
The Atheist's Tragedy,Tragedy,1610,Cyril Tourneur,"A 1, S 4",Castabella,Female,I may be of A nature so vnpleasing to your minde; Perhaps you'l curse the fatall houre wherein You rashly marryed me.,,,,,,,
The Atheist's Tragedy,Tragedy,1610,Cyril Tourneur,"A 1, S 4",Castabella,Female,O my presaging teares! This sad euent hath follow'd my sad feares.,,,,,,,
The Atheist's Tragedy,Tragedy,1610,Cyril Tourneur,"A 1, S 4",Languebau,Male,his Tongue is an vnsanctified member.,,,,,,,
The Atheist's Tragedy,Tragedy,1610,Cyril Tourneur,"A 1, S 4",Sebastian,Male,"your grauitie becomes your perish'd soule, as hoary mouldinesse does rotten fruit.",,,,,,,
The Atheist's Tragedy,Tragedy,1610,Cyril Tourneur,"A 1, S 4",D'amuille,Male,by my Soule Ile plague thee for this rudenesse.,,,,,,,
The Atheist's Tragedy,Tragedy,1610,Cyril Tourneur,"A 1, S 4",Sebastian,Male,The nearer the Church; the further from God.,,,,,,,
The Atheist's Tragedy,Tragedy,1610,Cyril Tourneur,"A 1, S 4",Sebastian,Male,may his abilitie die in his appetite; ,,,,,,,
The Atheist's Tragedy,Tragedy,1610,Cyril Tourneur,"A 1, S 4",Sebastian,Male,May his appetite moue thy desire to another man: so hee shall helpe to make himselfe Cuckold.,,,,,,,
The Atheist's Tragedy,Tragedy,1610,Cyril Tourneur,"A 1, S 4",Sebastian,Male,"Let the Chambers be matted, the hinges oyl'd, the curtaine rings silenced, and the chamber-maid hold her peace at his owne request, that he may sleepe the quietlier. And in that sleepe let him be soundly cuckolded.",,,,,,,
The Atheist's Tragedy,Tragedy,1610,Cyril Tourneur,"A 1, S 4",Sebastian,Male,"the Law will take no hold of her, because he wink'd at it.",,,,,,,
The Atheist's Tragedy,Tragedy,1610,Cyril Tourneur,"A 2, S 1",Levidulcia,Female,"if they bid thee not welcome, they are very Loggerheads.",,,,,,,
The Atheist's Tragedy,Tragedy,1610,Cyril Tourneur,"A 2, S 1",Fresco,Male,"If your Logger heads will not, your Hoggesheads shall Madame, if I get into the Buttry.",,,,,,,
The Atheist's Tragedy,Tragedy,1610,Cyril Tourneur,"A 2, S 1",D'amuille,Male,T'is out of season to be heauily disposed.,,,,,,,
The Atheist's Tragedy,Tragedy,1610,Cyril Tourneur,"A 2, S 1",Levidulcia,Female,We should be all wound vp into the key of Mirth.,,,,,,,
The Atheist's Tragedy,Tragedy,1610,Cyril Tourneur,"A 2, S 1",D'amuille,Male,Let the Instruments of warre congratulate his memorie,,,,,,,
The Atheist's Tragedy,Tragedy,1610,Cyril Tourneur,"A 2, S 1",D'amuille,Male,My soule fore-tels hee brings the newes will make our Musicke full.,,,,,,,
The Atheist's Tragedy,Tragedy,1610,Cyril Tourneur,"A 2, S 1",Monteferrers,Male,"O my spirit, it does disswade my tongue to question him, as if it knew his answere would displease.",,,,,,,
The Atheist's Tragedy,Tragedy,1610,Cyril Tourneur,"A 2, S 1",Borachio,Male,"Plants all th' Artillerie against the Towne, Whose thunder and lightning made our bulwarkes shake; And threatned in that terrible report, The storme wherewith they meant to second it.",,,,,,,
The Atheist's Tragedy,Tragedy,1610,Cyril Tourneur,"A 2, S 1",Borachio,Male,"his pollicie Let goe the sluices, and Of the whole bodie of their troupe, trip'd vp the heeles",,,,,,,
The Atheist's Tragedy,Tragedy,1610,Cyril Tourneur,"A 2, S 1",Borachio,Male,"expos'd The force of all their spirits, (like the last Expiring gaspe of a strong harted man) Vpon the hazard of one charge",,,,,,,
The Atheist's Tragedy,Tragedy,1610,Cyril Tourneur,"A 2, S 1",Borachio,Male,"Among the slaughter'd bodies of their men, Which the full-stomack'd Sea had cast vpon The sands,",,,,,,,
The Atheist's Tragedy,Tragedy,1610,Cyril Tourneur,"A 2, S 1",Borachio,Male,"Hee lay in's Armour; as if that had beene His Coffine,",,,,,,,
The Atheist's Tragedy,Tragedy,1610,Cyril Tourneur,"A 2, S 1",Borachio,Male,the weeping Sea (like one Whose milder temper doth lament the death Of him whom in his rage he slew) ,,,,,,,
The Atheist's Tragedy,Tragedy,1610,Cyril Tourneur,"A 2, S 1",Borachio,Male,"[the weeping sea] runnes vp The Shoare; embraces him; kisses his cheeke, Goes backe againe and forces vp the Sandes To burie him; and eu'rie time it parts, Sheds teares vpon him;",,,,,,,
The Atheist's Tragedy,Tragedy,1610,Cyril Tourneur,"A 2, S 1",Borachio,Male,"till at last (as if It [the sea] could no longer endure to see the man Whom it had slaine, yet loath to leaue him;) with A kinde of vnresolu'd vnwilling pace, ",,,,,,,
The Atheist's Tragedy,Tragedy,1610,Cyril Tourneur,"A 2, S 1",Borachio,Male,"Winding her [the sea] waues one in another, like A man that foldes his armes, or wrings his hands For griefe; ",,,,,,,
The Atheist's Tragedy,Tragedy,1610,Cyril Tourneur,"A 2, S 1",Borachio,Male,"ebb'd from the body and descends: As if it [sea] would sinke downe into the earth, And hide it selfe for shame of such a deede.",,,,,,,
The Atheist's Tragedy,Tragedy,1610,Cyril Tourneur,"A 2, S 1",Borachio,Male,Your feare hath told you that whereof my griefe Was loath to be the messenger.,,,,,,,
The Atheist's Tragedy,Tragedy,1610,Cyril Tourneur,"A 2, S 1",Monteferrers,Male,"Torment me not with witnesses [the scarf] of that [his son's death], Which I desire, not to beleeue;",,,,,,,
The Atheist's Tragedy,Tragedy,1610,Cyril Tourneur,"A 2, S 1",Borachio,Male,Thou art a Scrichowle; and dost come i'night To be the cursed messenger of death.,,,,,,,
The Atheist's Tragedy,Tragedy,1610,Cyril Tourneur,"A 2, S 1",D'amuille,Male,Your loue to vexe my heart with that I hate?,,,,,,,
The Atheist's Tragedy,Tragedy,1610,Cyril Tourneur,"A 2, S 1",D'amuille & Belforest,Male,this vncertaine state of mortall man! - it is th'ineuitable fate Of all things vnderneath the Moone.,,,,,,,
The Atheist's Tragedy,Tragedy,1610,Cyril Tourneur,"A 2, S 1",Belforest,Male,With all my heart [he'll give counsel],,,,,,,
The Atheist's Tragedy,Tragedy,1610,Cyril Tourneur,"A 2, S 2",Fresco,Male,Your health [drink/blessing] will make me sicke sir.,,,,,,,
The Atheist's Tragedy,Tragedy,1610,Cyril Tourneur,"A 2, S 2",Servant 1,Male,"My body is as weake as water,",,,,,,,
The Atheist's Tragedy,Tragedy,1610,Cyril Tourneur,"A 2, S 2",Fresco,Male,"the beere has sent all the malt vp into your braine, and left nothing but the water in your body.",,,,,,,
The Atheist's Tragedy,Tragedy,1610,Cyril Tourneur,"A 2, S 2",Borachio,Male,"Let them drinke healthes, & drowne their braines i'the floud; ",,,,,,,
The Atheist's Tragedy,Tragedy,1610,Cyril Tourneur,"A 2, S 2",Borachio,Male,they shall be pledg'd in bloud.,,,,,,,
The Atheist's Tragedy,Tragedy,1610,Cyril Tourneur,"A 2, S 2",D'amuille,Male,"Fortune, I honour thee. ",,,,,,,
The Atheist's Tragedy,Tragedy,1610,Cyril Tourneur,"A 2, S 2",D'amuille,Male,What ha'you drunke your selues mad you knaues.,,,,,,,
The Atheist's Tragedy,Tragedy,1610,Cyril Tourneur,"A 2, S 2",Servant 1,Male,"I will sindge the goose [your brother, Monteferrers] by this torch.",,,,,,,
The Atheist's Tragedy,Tragedy,1610,Cyril Tourneur,"A 2, S 2",D'amuille,Male,"Who can but strike, wants wisedome to maintaine: Hee that strikes safe and sure, has heart and braine.",,,,,,,
The Atheist's Tragedy,Tragedy,1610,Cyril Tourneur,"A 2, S 3",Castabella,Female,"O Loue! thou chast affection of the Soule, Without th'adultrate mixture of the bloud;",,,,,,,
The Atheist's Tragedy,Tragedy,1610,Cyril Tourneur,"A 2, S 3",Castabella,Female,That vertue [love] which to goodnesse addeth good: The minion of heauens heart.,,,,,,,
The Atheist's Tragedy,Tragedy,1610,Cyril Tourneur,"A 2, S 3",Castabella,Female,Then I confesse thy anger's not vniust. I was thy [heaven's] riuall [over Charlemont's love],,,,,,,
The Atheist's Tragedy,Tragedy,1610,Cyril Tourneur,"A 2, S 3",Castabella,Female,"Yet to be diuorc'd From loue, has beene a punishment enough. (Sweete heauen) without being marryed vnto hate,",,,,,,,
The Atheist's Tragedy,Tragedy,1610,Cyril Tourneur,"A 2, S 3",Castabella,Female,"Yet since thy pleasure hath inflicted it, If not my heart, my dutie shall submit.",,,,,,,
The Atheist's Tragedy,Tragedy,1610,Cyril Tourneur,"A 2, S 3",Levidulcia,Female,your sicknesse will Distaste th'expected sweetnesse o'the night.,,,,,,,
The Atheist's Tragedy,Tragedy,1610,Cyril Tourneur,"A 2, S 3",Levidulcia,Female,Pleasure be your bed-fellow.,,,,,,,
The Atheist's Tragedy,Tragedy,1610,Cyril Tourneur,"A 2, S 3",Levidulcia,Female,"Why sure their Generation was asleepe, When shee begot those Dormice; that shee made Them vp so weakely and imperfectly.",,,,,,,
The Atheist's Tragedy,Tragedy,1610,Cyril Tourneur,"A 2, S 3",Levidulcia,Female,"When my affection euen with their cold blouds (As snow rub'd through an actiue hand, does make The flesh to burne) ",,,,,,,
The Atheist's Tragedy,Tragedy,1610,Cyril Tourneur,"A 2, S 3",Levidulcia,Female,"[When my affection euen with their cold blouds] by agitation is Inflam'd, I could vnbrace, and entertaine The ayre to coole it.",,,,,,,
The Atheist's Tragedy,Tragedy,1610,Cyril Tourneur,"A 2, S 3",Sebastian,Male,That but mitigates The heate; rather imbrace and entertaine A younger brother; he can quench the fire.,,,,,,,
The Atheist's Tragedy,Tragedy,1610,Cyril Tourneur,"A 2, S 3",Levidulcia,Female,A lusty bloud! has both the presence and the spirit of a man.,,,,,,,
The Atheist's Tragedy,Tragedy,1610,Cyril Tourneur,"A 2, S 3",Levidulcia,Female,Has set my bloud o'boyling i'my veynes,,,,,,,
The Atheist's Tragedy,Tragedy,1610,Cyril Tourneur,"A 2, S 3",Levidulcia,Female,"now (like water pour'd vpon the ground,  that mixes it selfe with eu'ry moysture it meetes) I could claspe with any man. ",,,,,,,
The Atheist's Tragedy,Tragedy,1610,Cyril Tourneur,"A 2, S 3",Levidulcia,Female,"Lust is a Spirit, which whosoe'er doth raise, The next man that encounters boldly, layes.",,,,,,,
The Atheist's Tragedy,Tragedy,1610,Cyril Tourneur,"A 2, S 4",Monteferrers,Male,"My soule's opprest with griefe. T'lies heauie at my heart, ",,,,,,,
The Atheist's Tragedy,Tragedy,1610,Cyril Tourneur,"A 2, S 4",D'amuille,Male,Eternall darkenesse damne you [the servants];,,,,,,,
The Atheist's Tragedy,Tragedy,1610,Cyril Tourneur,"A 2, S 4",D'amuille,Male,"I thinke that Dogge that howl'd the newes of griefe, that fatall Scrichowle vsherd on this mischiefs.",,,,,,,
The Atheist's Tragedy,Tragedy,1610,Cyril Tourneur,"A 2, S 4",D'amuille,Male,Dead be your tongues.,,,,,,,
The Atheist's Tragedy,Tragedy,1610,Cyril Tourneur,"A 2, S 4",D'amuille,Male,"Drop out mine eye-bals, and let enuious Fortune play at tennis with'em.",,,,,,,
The Atheist's Tragedy,Tragedy,1610,Cyril Tourneur,"A 2, S 4",D'amuille,Male,Malicious Nature! hadst thou borne me blinde; th'adst yet been something fauourable to me.,,,,,,,
The Atheist's Tragedy,Tragedy,1610,Cyril Tourneur,"A 2, S 4",D'amuille,Male,"heauen! hast shut thine eye to winke at murther; or hast put this sable garment on, to mourne at's death? ",,,,,,,
The Atheist's Tragedy,Tragedy,1610,Cyril Tourneur,"A 2, S 4",D'amuille,Male,"Not one poore sparke in the whole spatious skye, of all that endlesse number would vouchsafe to shine?",,,,,,,
The Atheist's Tragedy,Tragedy,1610,Cyril Tourneur,"A 2, S 4",D'amuille,Male,You [stars] vize-royes to the King of nature!  ,,,,,,,
The Atheist's Tragedy,Tragedy,1610,Cyril Tourneur,"A 2, S 4",D'amuille,Male,[king of nature] whose constellations gouerne mortall births;,,,,,,,
The Atheist's Tragedy,Tragedy,1610,Cyril Tourneur,"A 2, S 4",D'amuille,Male,"where is that fatall Planet rul'd at his Natiuitie? That might ha'pleas'd to light him out, as well into th'world; vnlesse it be asham'd T'haue beene the instrument of such a good mans cursed destinie.",,,,,,,
The Atheist's Tragedy,Tragedy,1610,Cyril Tourneur,"A 2, S 4",Belforest,Male,Passions transports you.,,,,,,,
The Atheist's Tragedy,Tragedy,1610,Cyril Tourneur,"A 2, S 4",D'amuille,Male,Doe you thinke that Nature has no feeling?,,,,,,,
The Atheist's Tragedy,Tragedy,1610,Cyril Tourneur,"A 2, S 4",Belforest,Male,Feeling? Yes. But has she [nature] purpos'd any thing for nothing? ,,,,,,,
The Atheist's Tragedy,Tragedy,1610,Cyril Tourneur,"A 2, S 4",D'amuille,Male,"had hee beene taken from mee like a piece o'dead flesh, I should neither ha' felt it, nor grieued for't. ",,,,,,,
The Atheist's Tragedy,Tragedy,1610,Cyril Tourneur,"A 2, S 4",D'amuille,Male,the true freshnesse of a sanguine red;  for all the fogge of this blacke murdrous night has mix'd with it [blood],,,,,,,
The Atheist's Tragedy,Tragedy,1610,Cyril Tourneur,"A 2, S 4",D'amuille,Male,"hee might ha' liu'd till doomesday,",,,,,,,
The Atheist's Tragedy,Tragedy,1610,Cyril Tourneur,"A 2, S 4",D'amuille,Male,He [brother] was a man of such a natiue goodnesse; as if Regeneration had beene giuen him in his mothers wombe. ,,,,,,,
The Atheist's Tragedy,Tragedy,1610,Cyril Tourneur,"A 2, S 4",D'amuille,Male,"So deerely pittifull, that e're the poore could aske his charity with dry eyes, hee gaue' em reliefe wi'teares",,,,,,,
The Atheist's Tragedy,Tragedy,1610,Cyril Tourneur,"A 2, S 4",Belforest,Male,For wisedom's sake let reason fortifie this weakenesse.,,,,,,,
The Atheist's Tragedy,Tragedy,1610,Cyril Tourneur,"A 2, S 4",D'amuille,Male,Foolish Nature will haue her course in spight o'wisedome.,,,,,,,
The Atheist's Tragedy,Tragedy,1610,Cyril Tourneur,"A 2, S 4",D'amuille,Male,"All these wordes were but a great winde, and now this showre of teares has layd it, I am calme againe. ",,,,,,,
The Atheist's Tragedy,Tragedy,1610,Cyril Tourneur,"A 2, S 4",Belforest,Male,"The griefe that melts to teares, by itselfe is spent, ",,,,,,,
The Atheist's Tragedy,Tragedy,1610,Cyril Tourneur,"A 2, S 4",D'amuille,Male,"Here's a sweete Comedie. T'begins with O dolentis, and concludes with ha, ha, he.",,,,,,,
The Atheist's Tragedy,Tragedy,1610,Cyril Tourneur,"A 2, S 4",D'amuille,Male,"O my eccho! I could stand reuerberating this sweete musicall ayre of ioy, till I had perish'd my sound lungs with violent laughter.",,,,,,,
The Atheist's Tragedy,Tragedy,1610,Cyril Tourneur,"A 2, S 4",D'amuille,Male,Lonely Night-Rauen! th'ast seaz'd a carkasse.,,,,,,,
The Atheist's Tragedy,Tragedy,1610,Cyril Tourneur,"A 2, S 4",Borachio,Male,I knock'd out's braines with this faire Rubie. And had another stone iust of this forme and bignesse ready: that I laid i'the broken skull vpo'the ground for's pillow;,,,,,,,
The Atheist's Tragedy,Tragedy,1610,Cyril Tourneur,"A 2, S 4",D'amuille,Male,Vpon this ground Ile build my Manour-house; And this [the skull] shall be the chiefest corner stone.,,,,,,,
The Atheist's Tragedy,Tragedy,1610,Cyril Tourneur,"A 2, S 4",Borachio,Male,"T'has crown'd the most iudicious murder, that The braine of man was e'er deliuer'd of.",,,,,,,
The Atheist's Tragedy,Tragedy,1610,Cyril Tourneur,"A 2, S 4",Borachio,Male,"my report that Charlemont was dead, Though false; yet couer'd with a masque of truth.",,,,,,,
The Atheist's Tragedy,Tragedy,1610,Cyril Tourneur,"A 2, S 4",D'amuille,Male,T'was easie to set drunkards by the eares:,,,,,,,
The Atheist's Tragedy,Tragedy,1610,Cyril Tourneur,"A 2, S 4",Borachio,Male,"Then darkenesse did Protect the execution of the worke,",,,,,,,
The Atheist's Tragedy,Tragedy,1610,Cyril Tourneur,"A 2, S 4",D'amuille,Male,That power of rule Philosophers ascribe To him they call the supreame of the Starres; Making their influences gouernours Of Sublunarie Creatures; when their selues Are senselesse of their operations.,,,,,,,
The Atheist's Tragedy,Tragedy,1610,Cyril Tourneur,"A 2, S 4",D'amuille,Male,"the angry exhalation shut within a prison of contrary qualitie, striues to be free; and with the violent eruption through the grossenesse of that cloud; makes this noyse we heare [thunder]",,,,,,,
The Atheist's Tragedy,Tragedy,1610,Cyril Tourneur,"A 2, S 4",D'amuille,Male,"T'is a braue noyse. And mee thinkes graces our accomplishid proiect, as a peale of Ordnance does a triumph.",,,,,,,
The Atheist's Tragedy,Tragedy,1610,Cyril Tourneur,"A 2, S 4",D'amuille,Male,It [the thunder] speakes encouragement.,,,,,,,
The Atheist's Tragedy,Tragedy,1610,Cyril Tourneur,"A 2, S 4",D'amuille,Male,Now Nature showes thee how it sauour'd our performance;,,,,,,,
The Atheist's Tragedy,Tragedy,1610,Cyril Tourneur,"A 2, S 4",D'amuille,Male,"propitious Nature winck'd at our proceedings; now it doth expresse, how that forbearance fauour'd our successe.",,,,,,,
The Atheist's Tragedy,Tragedy,1610,Cyril Tourneur,"A 2, S 4",D'amuille,Male,That Nature (since herselfe decay doth hate) Should fauour those that strengthen their estate.,,,,,,,
The Atheist's Tragedy,Tragedy,1610,Cyril Tourneur,"A 2, S 4",D'amuille,Male,Now farewell blacke night; Thou beauteous Mistresse of a murderer: ,,,,,,,
The Atheist's Tragedy,Tragedy,1610,Cyril Tourneur,"A 2, S 4",D'amuille,Male,"To honour thee [night], that hast accomplish'd all; Ile weare thy colours at his funerall.",,,,,,,
The Atheist's Tragedy,Tragedy,1610,Cyril Tourneur,"A 2, S 5",Levidulcia,Female,"Thy Mistresse is of a liuely attractiue bloud,",,,,,,,
The Atheist's Tragedy,Tragedy,1610,Cyril Tourneur,"A 2, S 5",Levidulcia,Female,A poore spirit is poorer then a poore purse.,,,,,,,
The Atheist's Tragedy,Tragedy,1610,Cyril Tourneur,"A 2, S 5",Levidulcia,Female,Hot diet and soft ease makes em (like waxe alwaies kept warme) more easie to take impression.,,,,,,,
The Atheist's Tragedy,Tragedy,1610,Cyril Tourneur,"A 2, S 5",Levidulcia,Female,That [the blush] showes th'art full o'lustie bloud,,,,,,,
The Atheist's Tragedy,Tragedy,1610,Cyril Tourneur,"A 2, S 5",Levidulcia,Female,"I doe not like these flegmaticke, smooth-skinn'd, soft-flesh'd fellowes. They are like candied Suckets, when they begin to perish; which I would alwayes emptie my Closet off, and giue'em my chamber-maid. ",,,,,,,
The Atheist's Tragedy,Tragedy,1610,Cyril Tourneur,"A 2, S 5",Levidulcia,Female,if thou doest not lose her with faint-heartednesse.,,,,,,,
The Atheist's Tragedy,Tragedy,1610,Cyril Tourneur,"A 2, S 5",Fresco,Male,"a Lady is a great thing, I cannot compasse her.",,,,,,,
The Atheist's Tragedy,Tragedy,1610,Cyril Tourneur,"A 2, S 5",Levidulcia,Female,Am I so great I cannot be compassed? Claspe my wast and try.,,,,,,,
The Atheist's Tragedy,Tragedy,1610,Cyril Tourneur,"A 2, S 5",Fresco,Male,I could finde i'my heart,,,,,,,
The Atheist's Tragedy,Tragedy,1610,Cyril Tourneur,"A 2, S 5",Levidulcia,Female,Faint-hearted foole!,,,,,,,
The Atheist's Tragedy,Tragedy,1610,Cyril Tourneur,"A 2, S 5",Levidulcia,Female,"I thinke thou wert begotten betweene the North-pole, and the congeal'd passage.",,,,,,,
The Atheist's Tragedy,Tragedy,1610,Cyril Tourneur,"A 2, S 5",Levidulcia,Female,Now like an ambitious Coward that betrayes himselfe with fearefull delay: you must suffer for the treason you neuer committed. ,,,,,,,
The Atheist's Tragedy,Tragedy,1610,Cyril Tourneur,"A 2, S 5",Sebastian,Male,"you very valiant, for you met [kissed] mee at full Cariere.",,,,,,,
The Atheist's Tragedy,Tragedy,1610,Cyril Tourneur,"A 2, S 5",Sebastian,Male,"A word or two, Madame? that you doe for mee, will not be contain'd in lesse then the compasse of two sheetes.",,,,,,,
The Atheist's Tragedy,Tragedy,1610,Cyril Tourneur,"A 2, S 5",Sebastian,Male,To dance the beginning of the world after the English manner.,,,,,,,
The Atheist's Tragedy,Tragedy,1610,Cyril Tourneur,"A 2, S 5",Levidulcia,Female,There's one at the doore has beaten opportunitie away from vs. ,,,,,,,
The Atheist's Tragedy,Tragedy,1610,Cyril Tourneur,"A 2, S 5",Fresco,Male,Has shooke mee almost into a dead palsie.,,,,,,,
The Atheist's Tragedy,Tragedy,1610,Cyril Tourneur,"A 2, S 5",Fresco,Male,My memory is almost frighted from mee.,,,,,,,
The Atheist's Tragedy,Tragedy,1610,Cyril Tourneur,"A 2, S 5",Fresco,Male,"my feete were base and cowardly feete, they stuncke for feare. ",,,,,,,
The Atheist's Tragedy,Tragedy,1610,Cyril Tourneur,"A 2, S 5",Fresco,Male,"How soeuer it sauours [of distraction], I am sure it smels like a lye.",,,,,,,
The Atheist's Tragedy,Tragedy,1610,Cyril Tourneur,"A 2, S 6",Serjeant,Male,"Why t'isa musique Souldier. Heauen and earth are now in consort, when the Thunder and the Canon play one to another.",,,,,,,
The Atheist's Tragedy,Tragedy,1610,Cyril Tourneur,"A 2, S 6",Charlemont,Male,"Our boyling phantasies Like troubled waters falsifie the shapes Of things retain'd in them; and make' em seeme Confounded, when they are distinguish'd,",,,,,,,
The Atheist's Tragedy,Tragedy,1610,Cyril Tourneur,"A 2, S 6",Charlemont,Male,My actions daily conuersant with warre; (The argument of bloud and death),,,,,,,
The Atheist's Tragedy,Tragedy,1610,Cyril Tourneur,"A 2, S 6",Charlemont,Male,"Incorporate; as if his body were The owner of that bloud, the subiect of That death;",,,,,,,
The Atheist's Tragedy,Tragedy,1610,Cyril Tourneur,"A 2, S 6",Soldier,Male,the Diuel's damme has broke her husbands head:,,,,,,,
The Atheist's Tragedy,Tragedy,1610,Cyril Tourneur,"A 2, S 6",Charlemont,Male,my doubtfull heart was slow To credit that which I did feare to know.,,,,,,,
The Atheist's Tragedy,Tragedy,1610,Cyril Tourneur,"A 3, S 1",D'amuille,Male,SEt downe the Body. Pay earth what shee lent.,,,,,,,
The Atheist's Tragedy,Tragedy,1610,Cyril Tourneur,"A 3, S 1",D'amuille,Male,"shee [earth] shall beare a liuing monument, To let succeeding ages truely know That shee is satisfied, what hee did owe: ",,,,,,,
The Atheist's Tragedy,Tragedy,1610,Cyril Tourneur,"A 3, S 1",D'amuille,Male,"And with his Body, place that memorie Of noble Charlemont",,,,,,,
The Atheist's Tragedy,Tragedy,1610,Cyril Tourneur,"A 3, S 1",D'amuille,Male,The Father Held open warre with Sinne;,,,,,,,
The Atheist's Tragedy,Tragedy,1610,Cyril Tourneur,"A 3, S 1",D'amuille,Male,the Sonne [held open war] with bloud:,,,,,,,
The Atheist's Tragedy,Tragedy,1610,Cyril Tourneur,"A 3, S 1",D'amuille,Male,"HEre lye the Ashes of that earth and fire; whose heat and fruit, did feede and warme the poore.",,,,,,,
The Atheist's Tragedy,Tragedy,1610,Cyril Tourneur,"A 3, S 1",D'amuille,Male,"they [the poor] (as if they would in sighes expire, and into teares dissolue) his death deplore.",,,,,,,
The Atheist's Tragedy,Tragedy,1610,Cyril Tourneur,"A 3, S 1",D'amuille,Male,"For ag'd in vertue with a youthfull eye,",,,,,,,
The Atheist's Tragedy,Tragedy,1610,Cyril Tourneur,"A 3, S 1",D'amuille,Male,O might that fire reuiue the ashes of This Phenix! yet the wonder would not be So great as he was good; ,,,,,,,
The Atheist's Tragedy,Tragedy,1610,Cyril Tourneur,"A 3, S 1",D'amuille,Male,"His life's example was so true A practique of Religion's Theorie, That her Diuinitie seem'd rather the Description then th'instruction of his life.",,,,,,,
The Atheist's Tragedy,Tragedy,1610,Cyril Tourneur,"A 3, S 1",D'amuille,Male,"on These two Herculean pillars, where their armes Are plac'd; there may be writ, Non vltra.",,,,,,,
The Atheist's Tragedy,Tragedy,1610,Cyril Tourneur,"A 3, S 1",D'amuille,Male,faire accomplements make foule Deedes gratious. ,,,,,,,
The Atheist's Tragedy,Tragedy,1610,Cyril Tourneur,"A 3, S 1",D'amuille,Male,I'ue buryed vnder these two marble stones Thy liuing hopes; ,,,,,,,
The Atheist's Tragedy,Tragedy,1610,Cyril Tourneur,"A 3, S 1",Castabella,Female,"be not displeas'd, if on The altar of his Tombe, I sacrifice My teares. They are the iewels of my loue Dissolued into griefe",,,,,,,
The Atheist's Tragedy,Tragedy,1610,Cyril Tourneur,"A 3, S 1",Castabella,Female,"and fall [the tears] vpon His blasted Spring; as Aprill dewe, vpon A sweet young blossome shak'd before the time.",,,,,,,
The Atheist's Tragedy,Tragedy,1610,Cyril Tourneur,"A 3, S 1",Charlemont,Male,"How can the Marchant, or The Marriner absent whole yeares (from wiues Experienc'd in the satisfaction of Desire) promise themselues to finde their sheetes Vnspotted with adultery, at their Returne? ",,,,,,,
The Atheist's Tragedy,Tragedy,1610,Cyril Tourneur,"A 3, S 1",Charlemont,Male,"was thy bloud Increas'd to such a pleurisie of lust, That of necessitie, there must a veyne Be open'd; though by one that had no skill To doe't?",,,,,,,
The Atheist's Tragedy,Tragedy,1610,Cyril Tourneur,"A 3, S 1",Castabella,Female,your iniur'd patience may behold The signes of his lamented memorie.,,,,,,,
The Atheist's Tragedy,Tragedy,1610,Cyril Tourneur,"A 3, S 1",Charlemont,Male,all mens woes are buried i' their graues,,,,,,,
The Atheist's Tragedy,Tragedy,1610,Cyril Tourneur,"A 3, S 1",Charlemont,Male,In mine [grave] my miseries are borne.,,,,,,,
The Atheist's Tragedy,Tragedy,1610,Cyril Tourneur,"A 3, S 1",Charlemont,Male,"I pr'ithee sorrow leaue a little roome, In my confounded and tormented mind; For vnderstanding to deliberate The cause or author of this accident.",,,,,,,
The Atheist's Tragedy,Tragedy,1610,Cyril Tourneur,"A 3, S 1",Charlemont,Male,"Whereof the lightest [wrong], is more heauie then The strongest patience can endure to beare.",,,,,,,
The Atheist's Tragedy,Tragedy,1610,Cyril Tourneur,"A 3, S 2",Sebastian,Male,Gen'rall honestie possess'd me.,,,,,,,
The Atheist's Tragedy,Tragedy,1610,Cyril Tourneur,"A 3, S 2",D'amuille,Male,th'art the base corruption of my bloud; And like a Tetter growes't vnto my flesh.,,,,,,,
The Atheist's Tragedy,Tragedy,1610,Cyril Tourneur,"A 3, S 2",Sebastian,Male,The want of money makes a free spirit more mad then the possession does an Vsurer.,,,,,,,
The Atheist's Tragedy,Tragedy,1610,Cyril Tourneur,"A 3, S 2",Sebastian,Male,For want is like the Racque; it drawes a man to endanger himselfe to the gallowes rather then endure it.,,,,,,,
The Atheist's Tragedy,Tragedy,1610,Cyril Tourneur,"A 3, S 2",D'amuille,Male,compose me. I dissolue.,,,,,,,
The Atheist's Tragedy,Tragedy,1610,Cyril Tourneur,"A 3, S 2",D'amuille,Male,I tooke you for a Spirit; and Ile coniure you before I ha'done.,,,,,,,
The Atheist's Tragedy,Tragedy,1610,Cyril Tourneur,"A 3, S 2",Charlemont,Male,"Ile turne Coniurer. Diuell! within this Circle, in the midst of all thy force and malice I coniure thee doe thy worst.",,,,,,,
The Atheist's Tragedy,Tragedy,1610,Cyril Tourneur,"A 3, S 2",Sebastian,Male,Thou [Charlemont] gau'st mee my life and that's somewhat of a purer earth then gold as fine as it is. ,,,,,,,
The Atheist's Tragedy,Tragedy,1610,Cyril Tourneur,"A 3, S 2",Sebastian,Male,T'is no courtesie I doe thee but thankefulnesse. I owe thee it and Ile pay it. ,,,,,,,
The Atheist's Tragedy,Tragedy,1610,Cyril Tourneur,"A 3, S 2",Sebastian,Male,"may the sins o'the poore people be so few, that you sha'not be able to spare so much out o'your gettings, as will pay for the hyre of a lame staru'd hackney to ride to an execution, But goe a foote to the gallowes, and be hang'd.",,,,,,,
The Atheist's Tragedy,Tragedy,1610,Cyril Tourneur,"A 3, S 2",Sebastian,Male,"If this curse might come to passe, the world would say, Blessed be he that curseth.",,,,,,,
The Atheist's Tragedy,Tragedy,1610,Cyril Tourneur,"A 3, S 3",Charlemont,Male,"When our afflictions doe exceede our crimes? Then they doe rather teach the barb'rous world Examples that extend her cruelties Beyond their owne dimentions; and instruct Our actions to be more, more barbarous.",,,,,,,
The Atheist's Tragedy,Tragedy,1610,Cyril Tourneur,"A 3, S 3",Charlemont,Male,"O my afflicted soule! How torment swels Thy apprehension with prophane conceipt, Against the sacred iustice of my God?",,,,,,,
The Atheist's Tragedy,Tragedy,1610,Cyril Tourneur,"A 3, S 3",Charlemont,Male,We neuer measure our Conditions but with Men aboue vs in Estate. So while our Spirits labour to Be higher then our fortunes they are more base.,,,,,,,
The Atheist's Tragedy,Tragedy,1610,Cyril Tourneur,"A 3, S 3",Sebastian,Male,The penurie of a prison is like a soft consumption. T'will humble the pride o' your mortalitie; and arme your soule in compleate patience to endure the waight of affliction without feeling it.,,,,,,,
The Atheist's Tragedy,Tragedy,1610,Cyril Tourneur,"A 3, S 3",Sebastian,Male,Hast no musicke in thee? Th'hast trebles and bases enough. Treble iniurie; and base vsage. But trebles and bases make poore musick without meanes. ,,,,,,,
The Atheist's Tragedy,Tragedy,1610,Cyril Tourneur,"A 3, S 3",Charlemont,Male,I haue a heart aboue the reach Of thy most violent maliciousnesse.,,,,,,,
The Atheist's Tragedy,Tragedy,1610,Cyril Tourneur,"A 3, S 3",Charlemont,Male,A fortitude in scorne of thy contempt; (Since Fate is pleas'd to haue me suffer it) That can beare more then thou hast power t'inflict.,,,,,,,
The Atheist's Tragedy,Tragedy,1610,Cyril Tourneur,"A 3, S 3",Charlemont,Male,"I'ue lost a Signiorie, That was confin'd within a piece of earth; A Wart vpon the body of the world.",,,,,,,
The Atheist's Tragedy,Tragedy,1610,Cyril Tourneur,"A 3, S 3",Charlemont,Male,But now I am an Emp'rour of a world. This little world of Man. My passions are My Subiects; and I can command them laugh; Whilst thou doest tickle'em to death with miserie.,,,,,,,
The Atheist's Tragedy,Tragedy,1610,Cyril Tourneur,"A 3, S 3",Sebastian,Male,Yet hee lookes not for thankes. For he does it vnder hand; ,,,,,,,
The Atheist's Tragedy,Tragedy,1610,Cyril Tourneur,"A 3, S 3",Sebastian,Male,Out o' great heart you'l refus't [the money] now;,,,,,,,
The Atheist's Tragedy,Tragedy,1610,Cyril Tourneur,"A 3, S 3",Charlemont,Male,Since I must submit my selfe to Fate; I neuer will neglect the offer of one benefit; but entertaine them as her fauours; and th'inductions to some end of better fortune. ,,,,,,,
The Atheist's Tragedy,Tragedy,1610,Cyril Tourneur,"A 3, S 4",Castabella,Female,"Since by your greatnesse, you Are nearer heau'n in place; be nearer it In goodnesse. ",,,,,,,
The Atheist's Tragedy,Tragedy,1610,Cyril Tourneur,"A 3, S 4",Castabella,Female,"Rich men should transcend the poore, As clouds the earth; rais'd by the comfort of The Sunne, to water dry and barren grounds.",,,,,,,
The Atheist's Tragedy,Tragedy,1610,Cyril Tourneur,"A 3, S 4",Castabella,Female,"Let nature, which in Sauages, in beasts, Can stirre to pittie, tell you that hee is Your kinsman;",,,,,,,
The Atheist's Tragedy,Tragedy,1610,Cyril Tourneur,"A 3, S 4",D'amuille,Male,"Nephew, had not his open freedome made My disposition knowne; I would ha'borne The course and inclination of my loue According to the motion of the Sunne, Inuisibly inioyed and vnderstood.",,,,,,,
The Atheist's Tragedy,Tragedy,1610,Cyril Tourneur,"A 3, S 4",D'amuille,Male,"I will supply your Fathers vacant place, To guide your greene improuidence of youth; And make you ripe for your inheritance.",,,,,,,
The Atheist's Tragedy,Tragedy,1610,Cyril Tourneur,"A 3, S 4",Charlemont,Male,I embrance your gen'rous promises.,,,,,,,
The Atheist's Tragedy,Tragedy,1610,Cyril Tourneur,"A 3, S 4",D'amuille,Male,For with the hand of our whole family We enterchange th'indenture of our Loues.,,,,,,,
The Atheist's Tragedy,Tragedy,1610,Cyril Tourneur,"A 3, S 4",Rousard,Male,"A gen'rall weakenesse did surprise my health The very day I married Castabella. As if my sicknesse were a punishment, That did arrest me for some iniurie I then committed. ",,,,,,,
The Atheist's Tragedy,Tragedy,1610,Cyril Tourneur,"A 3, S 4",D'amuille,Male,The eternall bond of our concluded loue.,,,,,,,
The Atheist's Tragedy,Tragedy,1610,Cyril Tourneur,"A 4, S 1",Sebastian,Male,their branches spreading and winding one within another as if they did embrace.,,,,,,,
The Atheist's Tragedy,Tragedy,1610,Cyril Tourneur,"A 4, S 1",Sebastian,Male,"A poppring Peare-tree growing vpon the banke of a Riuer; seeming continually to looke downewards into the water, as if it were enamour'd of it; and euer as the fruit ripens, lets it fall for loue (as it were) into her lap.",,,,,,,
The Atheist's Tragedy,Tragedy,1610,Cyril Tourneur,"A 4, S 1",Sebastian,Male,"Which the wanton Streame, like a Strumpet, no sooner receiues, but she carries it away, and bestowes it vpon some other creature she maintaines: still seeming to play and dally vnder the Poppring, so long, that it has almost wash'd away the earth from the roote; ",,,,,,,
The Atheist's Tragedy,Tragedy,1610,Cyril Tourneur,"A 4, S 1",Sebastian,Male,now the poore Tree stands as if it were readie to fall and perish by that whereon it spent all the substance it had.,,,,,,,
The Atheist's Tragedy,Tragedy,1610,Cyril Tourneur,"A 4, S 1",Cataplasma,Female,Morall for you that loue those wanton running waters.,,,,,,,
The Atheist's Tragedy,Tragedy,1610,Cyril Tourneur,"A 4, S 1",Cataplasma,Female,"This is a sweet straine, thou finger'st it beastly.",,,,,,,
The Atheist's Tragedy,Tragedy,1610,Cyril Tourneur,"A 4, S 1",Languebau,Male,"My Lady and Sebastian the Fall and the Tyre, and I the Shadow. ",,,,,,,
The Atheist's Tragedy,Tragedy,1610,Cyril Tourneur,"A 4, S 1",Languebau,Male,I perceiue the puritie of my conuersation is vs'd but for a propertie to couer the vncleanenesse of their purposes. ,,,,,,,
The Atheist's Tragedy,Tragedy,1610,Cyril Tourneur,"A 4, S 1",Languebau,Male,"The very contemplation o' the thing, makes the spirit of the flesh begin to wriggle in my bloud.",,,,,,,
The Atheist's Tragedy,Tragedy,1610,Cyril Tourneur,"A 4, S 1",Languebau,Male,The fairenesse o' the euening inuites me into the ayre;,,,,,,,
The Atheist's Tragedy,Tragedy,1610,Cyril Tourneur,"A 4, S 1",Cataplasma,Female,With all my heart Sir [I agree],,,,,,,
The Atheist's Tragedy,Tragedy,1610,Cyril Tourneur,"A 4, S 1",Languebau,Male,The flesh is humble till the Spirit moue it; But when t'is rais'd it will command aboue it.,,,,,,,
The Atheist's Tragedy,Tragedy,1610,Cyril Tourneur,"A 4, S 2",D'amuille,Male,"That fellowes life, Borachio, Like a superfluous Letter in the Law, Endangers our assurance.",,,,,,,
The Atheist's Tragedy,Tragedy,1610,Cyril Tourneur,"A 4, S 2",D'amuille,Male,For what effect and end I haue engag'd My selfe in all this bloud? ,,,,,,,
The Atheist's Tragedy,Tragedy,1610,Cyril Tourneur,"A 4, S 2",D'amuille,Male,To leaue a state To the succession of my proper bloud.,,,,,,,
The Atheist's Tragedy,Tragedy,1610,Cyril Tourneur,"A 4, S 3",Charlemont,Male,"How fit a place for contemplation is this dead of night, among the dwellings of the dead.",,,,,,,
The Atheist's Tragedy,Tragedy,1610,Cyril Tourneur,"A 4, S 3",Charlemont,Male,"he was lesse rich and lesse contented, then in this poore piece of earth, lower and lesser then a Cottage.",,,,,,,
The Atheist's Tragedy,Tragedy,1610,Cyril Tourneur,"A 4, S 3",Charlemont,Male,Now that his body fauours of corruption; Hee enioyes a sweeter rest then e'er hee did amongst the sweetest pleasures of this life.,,,,,,,
The Atheist's Tragedy,Tragedy,1610,Cyril Tourneur,"A 4, S 3",Charlemont,Male,"O that Man, with so much labour should aspire to wordly height; when in the humble earth, the world's condition's at the best!",,,,,,,
The Atheist's Tragedy,Tragedy,1610,Cyril Tourneur,"A 4, S 3",Charlemont,Male,"scorne inferiour men; since to be lower then a worme, is to be higher then a King!",,,,,,,
The Atheist's Tragedy,Tragedy,1610,Cyril Tourneur,"A 4, S 3",Soquette,Female,"I come of a generation both by Father and Mother, that were all as fruitfull as Costard-mongers wiues.",,,,,,,
The Atheist's Tragedy,Tragedy,1610,Cyril Tourneur,"A 4, S 3",Languebau,Male,a Timpanie is the greatest danger can be fear'd. Their fruitfulnesse turnes but to a certaine kind of flegmatique windie disease.,,,,,,,
The Atheist's Tragedy,Tragedy,1610,Cyril Tourneur,"A 4, S 3",Languebau,Male,My bodie is not euery day drawne dry,,,,,,,
The Atheist's Tragedy,Tragedy,1610,Cyril Tourneur,"A 4, S 3",Soquette,Female,"your want of vse should rather make your body like a Well, the lesser t'is drawne, the sooner it growes dry.",,,,,,,
The Atheist's Tragedy,Tragedy,1610,Cyril Tourneur,"A 4, S 3",Languebau,Male,vnder the close Curtaines of the night;,,,,,,,
The Atheist's Tragedy,Tragedy,1610,Cyril Tourneur,"A 4, S 3",Charlemont,Male,this conuccation-house of dead mens sculles,,,,,,,
The Atheist's Tragedy,Tragedy,1610,Cyril Tourneur,"A 4, S 3",Charlemont,Male,Death's head! deceiu'st my hold? Such is the trust to all mortalitic,,,,,,,
The Atheist's Tragedy,Tragedy,1610,Cyril Tourneur,"A 4, S 3",D'amuille,Male,The smallest ornament of thy sweet forme (that abstract of all pleasure) can command the sences into passion; ,,,,,,,
The Atheist's Tragedy,Tragedy,1610,Cyril Tourneur,"A 4, S 3",D'amuille,Male,I loue thee with the freedome of my reason. ,,,,,,,
The Atheist's Tragedy,Tragedy,1610,Cyril Tourneur,"A 4, S 3",D'amuille,Male,My conscience suffers vnder't [the wrong]; and I would disburthen it by satisfaction.,,,,,,,
The Atheist's Tragedy,Tragedy,1610,Cyril Tourneur,"A 4, S 3",Castabella,Female,Are y'a diuell or a man?,,,,,,,
The Atheist's Tragedy,Tragedy,1610,Cyril Tourneur,"A 4, S 3",D'amuille,Male,"such a man, as can returne thy entertainment with as prodigall a body, as the couetous desire of woman euer was delighted with.",,,,,,,
The Atheist's Tragedy,Tragedy,1610,Cyril Tourneur,"A 4, S 3",D'amuille,Male,that besides the full performance of thy empty Husbands dutie;,,,,,,,
The Atheist's Tragedy,Tragedy,1610,Cyril Tourneur,"A 4, S 3",D'amuille,Male,For the appetite that steales her pleasure; drawes the forces of the body to an vnited strength,,,,,,,
The Atheist's Tragedy,Tragedy,1610,Cyril Tourneur,"A 4, S 3",D'amuille,Male,"Would it not grieue thee, that a Stranger to thy bloud, should lay the first foundation of his house vpon the ruines of thy family?",,,,,,,
The Atheist's Tragedy,Tragedy,1610,Cyril Tourneur,"A 4, S 3",Castabella,Female,"the heire of him that was my Fathers enemie, raise his eternall monument vpon our ruines; ere the greatest pleasure or the greatest profit, euer tempt me to continue it by incest.",,,,,,,
The Atheist's Tragedy,Tragedy,1610,Cyril Tourneur,"A 4, S 3",D'amuille,Male,Incest? Tush. These distances affinitie obserues; are articles of bondage cast vpon our freedomes by our owne subiections. ,,,,,,,
The Atheist's Tragedy,Tragedy,1610,Cyril Tourneur,"A 4, S 3",Castabella,Female,"if you argue meerely out of Nature; doe you not degenerate from that; and are you not vnworthie the prerogatiue of Natures Maister-piece, ",,,,,,,
The Atheist's Tragedy,Tragedy,1610,Cyril Tourneur,"A 4, S 3",Castabella,Female,the horrour of the argument confounds my vnderstanding.,,,,,,,
The Atheist's Tragedy,Tragedy,1610,Cyril Tourneur,"A 4, S 3",Castabella,Female,"quench it [your lust] on their prostituted flesh, whose trade of sinne can please desire with more delight, and lesse offence",,,,,,,
The Atheist's Tragedy,Tragedy,1610,Cyril Tourneur,"A 4, S 3",Castabella,Female,The poyson of your breath; euaporated from so foule a soule; infects the ayre more then the dampes that rise from bodies but halfe rotten in their graues.,,,,,,,
The Atheist's Tragedy,Tragedy,1610,Cyril Tourneur,"A 4, S 3",D'amuille,Male,"Kisse me, I warrant thee my breath is sweet.",,,,,,,
The Atheist's Tragedy,Tragedy,1610,Cyril Tourneur,"A 4, S 3",D'amuille,Male,These dead mens bones lie heere of purpose to inuite vs to supply the number of the liuing.,,,,,,,
The Atheist's Tragedy,Tragedy,1610,Cyril Tourneur,"A 4, S 3",D'amuille,Male,we'l get young bones and doe't [have sex]. ,,,,,,,
The Atheist's Tragedy,Tragedy,1610,Cyril Tourneur,"A 4, S 3",Castabella,Female,"Are y'an Athiest? Then, I know my prayers and teares are spent in vain",,,,,,,
The Atheist's Tragedy,Tragedy,1610,Cyril Tourneur,"A 4, S 3",Castabella,Female,O patient Heau'n! Why doest thou not expresse thy wrath in thunderbolts; to teare the frame of man in pieces?,,,,,,,
The Atheist's Tragedy,Tragedy,1610,Cyril Tourneur,"A 4, S 3",Castabella,Female,How can earth endure the burthen of this wickednesse without an earthquake?,,,,,,,
The Atheist's Tragedy,Tragedy,1610,Cyril Tourneur,"A 4, S 3",Castabella,Female,Or the angry face of Heau'n be not enflam'd with lighning.,,,,,,,
The Atheist's Tragedy,Tragedy,1610,Cyril Tourneur,"A 4, S 3",D'amuille,Male,Coniure vp the Diuell and his Dam; Crie to the graues; the dead can heare thee; inuocate their helpe.,,,,,,,
The Atheist's Tragedy,Tragedy,1610,Cyril Tourneur,"A 4, S 3",Castabella,Female,"O would this graue might open, and my body were bound to the dead carkasse of a man for euer, e're it entertaine the lust of this detested villaine.",,,,,,,
The Atheist's Tragedy,Tragedy,1610,Cyril Tourneur,"A 4, S 3",D'amuille,Male,"Tereas-like, thus I will force my passage to—",,,,,,,
The Atheist's Tragedy,Tragedy,1610,Cyril Tourneur,"A 4, S 3",Charlemont,Male,"with the hand of Charlemont, I thus redeeme you from the arme of lust.",,,,,,,
The Atheist's Tragedy,Tragedy,1610,Cyril Tourneur,"A 4, S 3",Charlemont,Male,"Now sweet Death, I'le bid thee welcome. ",,,,,,,
The Atheist's Tragedy,Tragedy,1610,Cyril Tourneur,"A 4, S 3",Charlemont,Male,"I'le cast my selfe into the armes of apprehension, that the law may make this worthie worke, the crowne of all my actions being the best and last",,,,,,,
The Atheist's Tragedy,Tragedy,1610,Cyril Tourneur,"A 4, S 3",Castabella,Female,the hand of Heau'n directed thy defence.,,,,,,,
The Atheist's Tragedy,Tragedy,1610,Cyril Tourneur,"A 4, S 3",Charlemont,Male,My soule is heauie.,,,,,,,
The Atheist's Tragedy,Tragedy,1610,Cyril Tourneur,"A 4, S 3",Charlemont,Male,These [graves?] are the pillowes whereon men sleepe best. They lie downe with either of them a Death's head for a pillow.,,,,,,,
The Atheist's Tragedy,Tragedy,1610,Cyril Tourneur,"A 4, S 3",Languebau,Male,Now puritie defend me from the sinne of Sodom. —This is a creature of the  masculine gender.—Verily the Man is blasted.,,,,,,,
The Atheist's Tragedy,Tragedy,1610,Cyril Tourneur,"A 4, S 3",D'amuille,Male,Why doest thou stare vpon me? Thou art not the scull of him I murder'd. ,,,,,,,
The Atheist's Tragedy,Tragedy,1610,Cyril Tourneur,"A 4, S 3",D'amuille,Male,"And that Bawde the skie, there; she could shut the windowes and the dores of this great chamber of the world; ",,,,,,,
The Atheist's Tragedy,Tragedy,1610,Cyril Tourneur,"A 4, S 3",D'amuille,Male,"and [sky, the bawde] draw the curtaines of the clouds betweene those lights and me about this bed of earth, when that same Stumpet Murder & my selfe committed sin together. Then she  could leaue vs i' the darke, till the close deed was done:",,,,,,,
The Atheist's Tragedy,Tragedy,1610,Cyril Tourneur,"A 4, S 3",D'amuille,Male,"(like a Leacher emptied of his lust) desire to burie my face vnder my eye-browes, and would steale from my shame vnseene; she meetes me i'th face with all her light corrupted eyes, to challenge payment",,,,,,,
The Atheist's Tragedy,Tragedy,1610,Cyril Tourneur,"A 4, S 3",D'amuille,Male,Yet the count'nance of a bloudlesse worme might ha' the courage now to turne my bloud to water.,,,,,,,
The Atheist's Tragedy,Tragedy,1610,Cyril Tourneur,"A 4, S 3",D'amuille,Male,"The trembling motion of an Aspen leafe, would make me like the shadow of that leafe he shaking vnder't.",,,,,,,
The Atheist's Tragedy,Tragedy,1610,Cyril Tourneur,"A 4, S 3",D'amuille,Male,"I could now commit a murder', were it but to drinke the fresh warme bloud of him I murder'd, to supply the want and weakenesse o'mine owne; t'is growne so colde and flegmaticke.",,,,,,,
The Atheist's Tragedy,Tragedy,1610,Cyril Tourneur,"A 4, S 3",D'amuille,Male,"Mountaines o'erwhelme mee,",,,,,,,
The Atheist's Tragedy,Tragedy,1610,Cyril Tourneur,"A 4, S 3",D'amuille,Male,"O were my body circumuolu'd within that cloude; that when the thunder teares his passage open, it might scatter me to nothing in the ayre!",,,,,,,
The Atheist's Tragedy,Tragedy,1610,Cyril Tourneur,"A 4, S 3",D'amuille,Male,"Black Beelzebub, and all his hell-hounds come to apprehend me?",,,,,,,
The Atheist's Tragedy,Tragedy,1610,Cyril Tourneur,"A 4, S 3",Languebau,Male,The Ghoast (great Pluto) was a foole; vnfit to be imployed in any serious businesse for the state of hell. ,,,,,,,
The Atheist's Tragedy,Tragedy,1610,Cyril Tourneur,"A 4, S 3",Languebau,Male,could not he ha' suffer'd me to raise the mountaine o' my sinnes with one as damnable as all the rest; and then ha' tumbled me to ruine? ,,,,,,,
The Atheist's Tragedy,Tragedy,1610,Cyril Tourneur,"A 4, S 3",Languebau,Male,A Ghoast? where my Lord?—I smell a Foxe [deception],,,,,,,
The Atheist's Tragedy,Tragedy,1610,Cyril Tourneur,"A 4, S 3",D'amuille,Male,My braines begin to put themselues in order. ,,,,,,,
The Atheist's Tragedy,Tragedy,1610,Cyril Tourneur,"A 4, S 3",D'amuille,Male,I will search the Center but I'le finde the murderer.,,,,,,,
The Atheist's Tragedy,Tragedy,1610,Cyril Tourneur,"A 4, S 3",D'amuille,Male,"Sure there is some other happinesse within the freedome of the conscience, then my knowledge e'er attain'd too.",,,,,,,
The Atheist's Tragedy,Tragedy,1610,Cyril Tourneur,"A 4, S 3",D'amuille,Male,what Fate has cast you thus Vnhappily vpon this accident?,,,,,,,
The Atheist's Tragedy,Tragedy,1610,Cyril Tourneur,"A 4, S 3",Charlemont,Male,she's as cleare as Chastitie.,,,,,,,
The Atheist's Tragedy,Tragedy,1610,Cyril Tourneur,"A 4, S 3",D'amuille,Male,As her owne chastitie. The time; the place; All circumstances argue that vncleare.,,,,,,,
The Atheist's Tragedy,Tragedy,1610,Cyril Tourneur,"A 4, S 3",D'amuille,Male,Yet were it not my Sonnes bed she abus'd; My land should flie but both should be excus'd.,,,,,,,
The Atheist's Tragedy,Tragedy,1610,Cyril Tourneur,"A 4, S 4",Belforest,Male,"But iealousie is such a torment, that I am afraid to entertaine it. Yet The more I shunne by circumstance to meete Directly with it, the more ground I finde To circumuent my apprehension.",,,,,,,
The Atheist's Tragedy,Tragedy,1610,Cyril Tourneur,"A 4, S 4",Belforest,Male,I know sh'as a perpetuall appetite;,,,,,,,
The Atheist's Tragedy,Tragedy,1610,Cyril Tourneur,"A 4, S 4",Belforest,Male,"her owne bloud, corrupted, will Betray her to temptation.",,,,,,,
The Atheist's Tragedy,Tragedy,1610,Cyril Tourneur,"A 4, S 4",Belforest,Male,I'le naile thy bosome to the earth.  Stirre not you Dogge;,,,,,,,
The Atheist's Tragedy,Tragedy,1610,Cyril Tourneur,"A 4, S 4",SD,neutral,Speake like a Crier.,,,,,,,
The Atheist's Tragedy,Tragedy,1610,Cyril Tourneur,"A 4, S 5",Soquette,Female,Yet your word was better then than your deede. ,,,,,,,
The Atheist's Tragedy,Tragedy,1610,Cyril Tourneur,"A 4, S 5",Levidulcia,Female,"My strange affection to this Man!—T'is like that naturall sympathie which e'en among the sencelesse creatures of the earth, commands a mutuall inclination and consent:",,,,,,,
The Atheist's Tragedy,Tragedy,1610,Cyril Tourneur,"A 4, S 5",Levidulcia & Sebastian,Female & Male,"I think none of 'em [mistresses] are faithfull, but otherwise as many as cleane Shirts. ",,,,,,,
The Atheist's Tragedy,Tragedy,1610,Cyril Tourneur,"A 4, S 5",Sebastian,Male,"The loue of a woman is like a Mushrom; it growes in one night, and will serue somwhat pleasingly, next morning to breakfast: but afterwards waxes fulsome and vnwholesome.",,,,,,,
The Atheist's Tragedy,Tragedy,1610,Cyril Tourneur,"A 4, S 5",Cataplasma,Female,a woman's loue lasts as long as Winter fruit.,,,,,,,
The Atheist's Tragedy,Tragedy,1610,Cyril Tourneur,"A 4, S 5",Sebastian,Male,[a woman's loue lasts as long as Winter fruit.] T'is true. Till new come in. By my experience no longer.,,,,,,,
The Atheist's Tragedy,Tragedy,1610,Cyril Tourneur,"A 4, S 5",Fresco,Male,Some bodie's doing has vndone vs; and we are like pay dearely for't.,,,,,,,
The Atheist's Tragedy,Tragedy,1610,Cyril Tourneur,"A 4, S 5",Fresco,Male,"Wil't not be a chargeable reckoning, thinke you; when heere are halfe a dozen fellowes comming to call vs to account, with eu'rie man a seuerall bill in his hand, that wee are not able to discharge.",,,,,,,
The Atheist's Tragedy,Tragedy,1610,Cyril Tourneur,"A 4, S 5",Belforest,Male,I will make my passage through thy bloud.,,,,,,,
The Atheist's Tragedy,Tragedy,1610,Cyril Tourneur,"A 4, S 5",Levidulcia,Female,my Sebastian! Husband! Neither can spake; yet both report my shame.,,,,,,,
The Atheist's Tragedy,Tragedy,1610,Cyril Tourneur,"A 4, S 5",Levidulcia,Female,"Is this the sauing of my Honour, when their bloud runnes out in riuers; and my lust the fountaine whence it flowes?",,,,,,,
The Atheist's Tragedy,Tragedy,1610,Cyril Tourneur,"A 4, S 5",Levidulcia,Female,"But what can teares doe good; when I weepe onely water, they weepe bloud? ",,,,,,,
The Atheist's Tragedy,Tragedy,1610,Cyril Tourneur,"A 4, S 5",Levidulcia,Female,"But could I make an Ocean with my teares; that on the floud this broken vessell of my body, laden heauie with light lust might suffer shipwrack, and so drowne my shame: then weeping were to purpose;",,,,,,,
The Atheist's Tragedy,Tragedy,1610,Cyril Tourneur,"A 4, S 5",Levidulcia,Female,The Sea wants water enough to wash away the foulenesse of my name.,,,,,,,
The Atheist's Tragedy,Tragedy,1610,Cyril Tourneur,"A 4, S 5",Levidulcia,Female,"in their wounds, I feele my honour wounded to the death. ",,,,,,,
The Atheist's Tragedy,Tragedy,1610,Cyril Tourneur,"A 4, S 5",Levidulcia,Female,"to make th'eexample moue more forceably to vertue; thus, I seale it [my life] with a death as full of horrour as my life of sinne.",,,,,,,
The Atheist's Tragedy,Tragedy,1610,Cyril Tourneur,"A 4, S 5",Languebau,Male,May not Snuffe be suffer'd to goe out [to die] of himselfe?,,,,,,,
The Atheist's Tragedy,Tragedy,1610,Cyril Tourneur,"A 4, S 5",Watch,Male,O with what vertue lust should be withstood! Since t'is a fire quench'd seldome without bloud.,,,,,,,
The Atheist's Tragedy,Tragedy,1610,Cyril Tourneur,"A 5, S 1",D'amuille,Male,"Heere sounds a musicke whose melodious touch, Like Angels voices rauishes the sence.",,,,,,,
The Atheist's Tragedy,Tragedy,1610,Cyril Tourneur,"A 5, S 1",D'amuille,Male,"Behold thou ignorant Astronomer, Whose wandring speculation seekes among The planets for mens fortunes! ",,,,,,,
The Atheist's Tragedy,Tragedy,1610,Cyril Tourneur,"A 5, S 1",D'amuille,Male,"with amazement, [Astonomer] Behold thine errour and be planet strucke.",,,,,,,
The Atheist's Tragedy,Tragedy,1610,Cyril Tourneur,"A 5, S 1",D'amuille,Male,These [coins] are the Starres whose operations make The fortunes and the destinies of men.,,,,,,,
The Atheist's Tragedy,Tragedy,1610,Cyril Tourneur,"A 5, S 1",D'amuille,Male,"Yond' lesser eyes of Heau'n, (like Subiects rais'd Into their loftie houses, when their Prince Rides vnderneath th'ambition of their loues) Are mounted onely to behold the face, Of your more rich imperious eminence, With vnpreuented sight. ",,,,,,,
The Atheist's Tragedy,Tragedy,1610,Cyril Tourneur,"A 5, S 1",D'amuille,Male,Vnmaske faire Queene; (Vnpurses the gold.),,,,,,,
The Atheist's Tragedy,Tragedy,1610,Cyril Tourneur,"A 5, S 1",D'amuille,Male,"These [coins] are the Starres the Ministers of Fate; And Mans high wisedome the superiour power, To which their forces are subordinate.",,,,,,,
The Atheist's Tragedy,Tragedy,1610,Cyril Tourneur,"A 5, S 1",D'amuille,Male,"while the simple honest worshipper Of a phantastique prouidence groanes vnder The burthen of neglected miserie; My reall wisedome has rais'd vp a State, That shall eternize my posteritie.",,,,,,,
The Atheist's Tragedy,Tragedy,1610,Cyril Tourneur,"A 5, S 1",D'amuille,Male,"The cries of Mandrakes neuer touch'd the eare, with more sad horrour then that voice does mine.",,,,,,,
The Atheist's Tragedy,Tragedy,1610,Cyril Tourneur,"A 5, S 1",D'amuille,Male,Destruction take thee and thy fatall tongue.,,,,,,,
The Atheist's Tragedy,Tragedy,1610,Cyril Tourneur,"A 5, S 1",D'amuille,Male,"Doctor! Behold two Patients, in whose cure thy skill may purchase an eternall fame. ",,,,,,,
The Atheist's Tragedy,Tragedy,1610,Cyril Tourneur,"A 5, S 1",D'amuille,Male,let thy practise and their [the herbs] soueraigne vse raise thee to wealth and honour.,,,,,,,
The Atheist's Tragedy,Tragedy,1610,Cyril Tourneur,"A 5, S 1",Doctor,Male,If any roote of life remaines within'em capable of Phisicke,,,,,,,
The Atheist's Tragedy,Tragedy,1610,Cyril Tourneur,"A 5, S 1",D'amuille,Male,His gasping sighes are like the falling noise of some great building when the ground-worke breakes.,,,,,,,
The Atheist's Tragedy,Tragedy,1610,Cyril Tourneur,"A 5, S 1",D'amuille,Male,"On these [sons] two pillars stood the stately frame, and architecture of my loftie house. An Earthquake shakes'em. The foundation shrinkes.",,,,,,,
The Atheist's Tragedy,Tragedy,1610,Cyril Tourneur,"A 5, S 1",D'amuille,Male,"Deere Nature! in whose honour I haue rais'd a worke of glory to posteritie; O burie not the pride of that great action, vnder the fall and ruine of it selfe.",,,,,,,
The Atheist's Tragedy,Tragedy,1610,Cyril Tourneur,"A 5, S 1",D'amuille,Male,"Take this gold; extract the Spirit of it, and inspire new life into their bodies.",,,,,,,
The Atheist's Tragedy,Tragedy,1610,Cyril Tourneur,"A 5, S 1",D'amuille,Male,there expires the date of my posteritie! ,,,,,,,
The Atheist's Tragedy,Tragedy,1610,Cyril Tourneur,"A 5, S 1",D'amuille,Male,Can Nature be so simple or malicious to destroy the reputation of her proper memorie?,,,,,,,
The Atheist's Tragedy,Tragedy,1610,Cyril Tourneur,"A 5, S 1",D'amuille,Male,Nature thou art a Traytour to my soule. Thou hast abus'd my trust. ,,,,,,,
The Atheist's Tragedy,Tragedy,1610,Cyril Tourneur,"A 5, S 1",D'amuille,Male,"I will complaine to a superiour Court, to right my wrong I'le proue thee [Nature] a forger of false assurances. In yond' Starre chamber thou shalt answere it. ",,,,,,,
The Atheist's Tragedy,Tragedy,1610,Cyril Tourneur,"A 5, S 2",Judge 1,Male,"That worthie attribute of Gentrie, which Your habite drawes from ignorant respect; Your name deserues not: nor your selfe the name Of woman, Since you are the poyson that Infects the honour of all womanhood.",,,,,,,
The Atheist's Tragedy,Tragedy,1610,Cyril Tourneur,"A 5, S 2",Judge 1,Male,But vnder colour to professe the Sale Of Tyres and toyes for Gentlewomens pride; You draw a frequentation of mens wiues To your licentious house;,,,,,,,
The Atheist's Tragedy,Tragedy,1610,Cyril Tourneur,"A 5, S 2",Judge 1,Male,"Since from the Spring of lust which you preseru'd,And nourish'd; ranne th' effusion of that bloud: Your punishment shall come as neare to death As life can beare it.",,,,,,,
The Atheist's Tragedy,Tragedy,1610,Cyril Tourneur,"A 5, S 2",Languebau,Male,with the Spirit of conuersion to purifie their vncleanenesse;,,,,,,,
The Atheist's Tragedy,Tragedy,1610,Cyril Tourneur,"A 5, S 2",Languebau,Male,"taking a delight in the cleanenesse of my conuersation; withdrew mee from that vncleane life, and put me in a garment fit for his societie and my present profession.",,,,,,,
The Atheist's Tragedy,Tragedy,1610,Cyril Tourneur,"A 5, S 2",Judge 1,Male,His Lordship did but paint a rotten post;,,,,,,,
The Atheist's Tragedy,Tragedy,1610,Cyril Tourneur,"A 5, S 2",Judge 1,Male,"Backe to your candle-making. You may giue The world more light with that, then either with Instruction or th'example of your life.",,,,,,,
The Atheist's Tragedy,Tragedy,1610,Cyril Tourneur,"A 5, S 2",Languebau,Male,Thus the Snuffe is put out.,,,,,,,
The Atheist's Tragedy,Tragedy,1610,Cyril Tourneur,"A 5, S 2",D'amuille,Male,"the rack of rent from age to age, vpon your poore penurious Tenants?",,,,,,,
The Atheist's Tragedy,Tragedy,1610,Cyril Tourneur,"A 5, S 2",D'amuille,Male,"Since my thrift was more iudicious then your Grandsires; why, I would faine know why your Lordship liues to make a second generation from your Father and the whole frie of my posteritie extinguish'd in a moment.",,,,,,,
The Atheist's Tragedy,Tragedy,1610,Cyril Tourneur,"A 5, S 2",Judge 1,Male,Let Charitie forbeare To vexe the spirit of a dying Man.,,,,,,,
The Atheist's Tragedy,Tragedy,1610,Cyril Tourneur,"A 5, S 2",Judge 1,Male,A chearefull eye vpon the face of Death Is the true court'nance of a noble minde.,,,,,,,
The Atheist's Tragedy,Tragedy,1610,Cyril Tourneur,"A 5, S 2",D'amuille,Male,"is't not enough that hee vniustly hath conspir'd with Fate, to cut off my posteritie for him to be the heire to my possessions;",,,,,,,
The Atheist's Tragedy,Tragedy,1610,Cyril Tourneur,"A 5, S 2",Charlemont,Male,"Thus like a warlike Nauie on the Sea, Bound for the conquest of some wealthie land, Pass'd through the stormic troubles of this life, And now arriu'd vpon the armed coast; In expectation of the victorie, Whose honour lies beyond this exigent; Through mortall danger with an actiue spirit, Thus I aspire to vndergoe my death.",,,,,,,
The Atheist's Tragedy,Tragedy,1610,Cyril Tourneur,"A 5, S 2",Castabella,Female,"Our liues cut off, In our young prime of yeares; are like greene hearbs, Wherewith we strow the hearses of our friends.",,,,,,,
The Atheist's Tragedy,Tragedy,1610,Cyril Tourneur,"A 5, S 2",Castabella,Female,"For as their vertue gather'd when th'are greene, Before they wither or corrupt, is best;",,,,,,,
The Atheist's Tragedy,Tragedy,1610,Cyril Tourneur,"A 5, S 2",Castabella,Female,"So we in vertue are the best for Death, While yet we haue not liu'd to such an age, That the encreasing canker of our sinnes, Hath spread too farre vpon vs.",,,,,,,
The Atheist's Tragedy,Tragedy,1610,Cyril Tourneur,"A 5, S 2",D'amuille,Male,"yet in me the resolution wants To die with that assurance as he does. The cause of that, in his Anatomie I would finde out.",,,,,,,
The Atheist's Tragedy,Tragedy,1610,Cyril Tourneur,"A 5, S 2",D'amuille,Male,I am growne a wondrous Studient now o'late. My wit has reach'd beyond the scope of Nature;,,,,,,,
The Atheist's Tragedy,Tragedy,1610,Cyril Tourneur,"A 5, S 2",D'amuille,Male,I'le make thee my Phisitian. Thou shalt read Philosophie to me. I will finde out th'efficient cause of a contented minde,,,,,,,
The Atheist's Tragedy,Tragedy,1610,Cyril Tourneur,"A 5, S 2",Charlemont,Male,your conscience knowes As iustly cleare as harmelesse innocence.,,,,,,,
The Atheist's Tragedy,Tragedy,1610,Cyril Tourneur,"A 5, S 2",D'amuille,Male,"My Mediation for her life; and all my int'rest in the world to boote, ",,,,,,,
The Atheist's Tragedy,Tragedy,1610,Cyril Tourneur,"A 5, S 2",D'amuille,Male,"The price of things is best knowne in their want. Had I her courage; So I value it, the Indies should not buy't out o'my hands.",,,,,,,
The Atheist's Tragedy,Tragedy,1610,Cyril Tourneur,"A 5, S 2",D'amuille,Male,This argument of death congeales my bloud. ,,,,,,,
The Atheist's Tragedy,Tragedy,1610,Cyril Tourneur,"A 5, S 2",D'amuille,Male,"Colde feare with apprehension of thy end, Hath frozen vp the riuers of my veines.",,,,,,,
The Atheist's Tragedy,Tragedy,1610,Cyril Tourneur,"A 5, S 2",D'amuille,Male,"I must drinke vvine to vvarme mee, and dissolue the obstruction, or an apoplexie will possesse mee",,,,,,,
The Atheist's Tragedy,Tragedy,1610,Cyril Tourneur,"A 5, S 2",D'amuille,Male,The very glasse lookes pale and trembles at it [the blood],,,,,,,
The Atheist's Tragedy,Tragedy,1610,Cyril Tourneur,"A 5, S 2",Charlemont,Male,Come thou [water] cleare embleme of coole temperance. ,,,,,,,
The Atheist's Tragedy,Tragedy,1610,Cyril Tourneur,"A 5, S 2",Charlemont,Male,"Be thou [water] my witnesse, that I vse no art To force my courage; nor haue neede of helpes, To raise my Spirits like those weaker men; ",,,,,,,
The Atheist's Tragedy,Tragedy,1610,Cyril Tourneur,"A 5, S 2",Charlemont,Male,"[weak men] Who mixe their bloud with wine, and out of that Adulterate coniunction doe beget A bastard valour.",,,,,,,
The Atheist's Tragedy,Tragedy,1610,Cyril Tourneur,"A 5, S 2",Charlemont,Male,"Natiue courage, thankes. Thou lead'st me soberly to vndertake This great hard worke of magnanimitie.",,,,,,,
The Atheist's Tragedy,Tragedy,1610,Cyril Tourneur,"A 5, S 2",D'amuille,Male,"at the reflexion of thy courage my cold fearefull bloud takes fire, and I begin to emulate thy death.",,,,,,,
The Atheist's Tragedy,Tragedy,1610,Cyril Tourneur,"A 5, S 2",D'amuille,Male,Downe you shagge-hair'd Curre.,,,,,,,
The Atheist's Tragedy,Tragedy,1610,Cyril Tourneur,"A 5, S 2",D'amuille,Male,"The instrument that strikes my Nephew's bloud, shall be as noble as his bloud. ",,,,,,,
The Atheist's Tragedy,Tragedy,1610,Cyril Tourneur,"A 5, S 2",D'amuille,Male,"I'le butcher out the passage of his soule, That dares attempt to interrupt the blow.",,,,,,,
The Atheist's Tragedy,Tragedy,1610,Cyril Tourneur,"A 5, S 2",Judge 2,Male,the office will impresse a marke Of scandall and dishonour on your name.,,,,,,,
The Atheist's Tragedy,Tragedy,1610,Cyril Tourneur,"A 5, S 2",Charlemont,Male,"let him crowne my resolution, with An vnexampled dignitie of death.",,,,,,,
The Atheist's Tragedy,Tragedy,1610,Cyril Tourneur,"A 5, S 2",D'amuille,Male,He [God] commanded it. To tell thee that mans wisedome is a foole. ,,,,,,,
The Atheist's Tragedy,Tragedy,1610,Cyril Tourneur,"A 5, S 2",D'amuille,Male,"I outreach'd thy [the judge's] wit; and made thy Iustice Murder's instrument, in Castabella's death and Charlemonts. ",,,,,,,
The Atheist's Tragedy,Tragedy,1610,Cyril Tourneur,"A 5, S 2",D'amuille,Male,To crowne my Murder of Moneferrers with a safe possession of his wealthie state,,,,,,,
The Atheist's Tragedy,Tragedy,1610,Cyril Tourneur,"A 5, S 2",D'amuille,Male,Nature is a foole. ,,,,,,,
The Atheist's Tragedy,Tragedy,1610,Cyril Tourneur,"A 5, S 2",D'amuille,Male,There is a power aboue her [Nature] that hath ouerthrowne the pride of all my proiects and posteritie;,,,,,,,
The Atheist's Tragedy,Tragedy,1610,Cyril Tourneur,"A 5, S 2",D'amuille,Male,the lust of Death commits a Rape vpon me as I would ha'done on Castabella.,,,,,,,
The Atheist's Tragedy,Tragedy,1610,Cyril Tourneur,"A 5, S 2",Judge 1,Male,With the hands Of Ioy and Iustice I thus set you free.,,,,,,,
The Atheist's Tragedy,Tragedy,1610,Cyril Tourneur,"A 5, S 2",Judge 1,Male,[Providence] Hath made your griefes the instruments to raise Your blessings to a greater height then euer.,,,,,,,
The Atheist's Tragedy,Tragedy,1610,Cyril Tourneur,"A 5, S 2",Charlemont,Male,Patience is the honest mans reuenge.,,,,,,,
The Atheist's Tragedy,Tragedy,1610,Cyril Tourneur,"A 5, S 2",Castabella,Female,Enioy the full possession of my loue; As cleare and pure as my first chastitie.,,,,,,,
The Atheist's Tragedy,Tragedy,1610,Cyril Tourneur,"A 5, S 2",Charlemont,Male,The crowne of all my blessings! [her love],,,,,,,
The Atheist's Tragedy,Tragedy,1610,Cyril Tourneur,"A 5, S 2",Charlemont,Male,I will tempt My Starres no longer; nor protract my time Of marriage. ,,,,,,,
The Atheist's Tragedy,Tragedy,1610,Cyril Tourneur,"A 5, S 2",Judge 1,Male,"The Drums and Trumpets! Interchange the sounds Of Death and Triumph; for these honour'd iiues, Succeeding their deserued Tragedies.",,,,,,,
